S1_ActualPosition,X1_DCBusVoltage,S1_OutputCurrent,X1_OutputPower,X1_OutputVoltage,X1_OutputCurrent,Y1_OutputCurrent,Y1_DCBusVoltage,Y1_OutputVoltage,X1_CurrentFeedback,S1_CurrentFeedback,Z1_ActualPosition,Y1_OutputPower,Y1_CurrentFeedback,S1_CommandPosition,Y1_ActualAcceleration,S1_OutputPower,S1_ActualAcceleration,Y1_ActualVelocity,tool_condition,X1_ActualVelocity,X1_ActualAcceleration,S1_DCBusVoltage,Y1_ActualPosition,S1_ActualVelocity,successful_part,experiment_id,time_step
-290.0,0.0228,329.0,1.86e-06,0.632,330.0,328.0,0.0152,1.63,0.451,0.502,54.7,1.79e-06,-0.26,-290.0,12.5,0.00114,-18.4,0.0,1,0.05,25.0,2.77e-19,73.0,29.9,0,16,0
-287.0,0.0243,329.0,4.23e-06,1.51,330.0,328.0,0.0205,1.88,0.223,-0.22,54.7,-1.04e-06,-1.06,-287.0,6.25,6.07e-05,-7.44,0.0,1,0.025,12.5,2.77e-19,73.0,27.0,0,16,1
-285.0,0.0188,330.0,2e-06,0.869,330.0,328.0,0.015,0.512,0.237,-0.84,54.7,1.76e-07,0.22,-285.0,12.5,-0.00124,-34.3,0.0,1,0.05,25.0,2.77e-19,73.0,24.1,0,16,2
-282.0,0.0202,329.0,-2.98e-06,1.9,329.0,328.0,0.0231,1.35,0.451,0.00327,56.8,9.45e-07,0.22,-282.0,0.0,0.000577,-41.9,0.0,1,-0.025,-12.5,2.77e-19,73.0,21.2,0,16,3
-280.0,0.0244,329.0,2.24e-06,1.91,329.0,328.0,0.0212,1.5,0.367,-0.28,61.6,0.0,-0.899,-280.0,0.0,-0.00161,-23.1,0.0,1,0.025,12.5,2.77e-19,73.0,18.8,0,16,4
-279.0,0.0231,329.0,-3.26e-06,4.86,329.0,328.0,0.022,2.3,-1.06,0.583,66.8,1.7e-06,-0.58,-279.0,0.0,-1.38e-05,-4.38,0.0,1,-0.025,-12.5,2.77e-19,73.0,16.0,0,16,5
-277.0,0.0223,329.0,-1.48e-06,2.61,329.0,328.0,0.0335,0.465,1.21,0.203,71.8,-1.49e-07,0.0602,-277.0,0.0,-0.00047,-24.9,0.0,1,-0.025,-18.8,2.77e-19,73.0,13.5,0,16,6
-276.0,0.0163,329.0,0.0,3.23,329.0,328.0,0.016,0.801,0.154,-0.092,76.8,-2.11e-06,-0.26,-276.0,0.0,-0.000796,-36.1,0.0,1,0.0,-12.5,2.77e-19,73.0,11.0,0,16,7
-275.0,0.0192,329.0,0.0,4.1,329.0,328.0,0.0245,0.269,0.384,-0.267,81.8,1.5e-06,0.221,-275.0,6.25,-0.00117,-24.7,0.025,1,-0.025,-18.8,2.77e-19,73.0,8.62,0,16,8
-274.0,0.019,329.0,-2.89e-06,1.92,329.0,328.0,0.0195,0.191,0.878,-0.924,86.8,2.72e-06,0.22,-274.0,0.0,-0.00102,-8.81,0.0,1,-0.025,-18.8,2.77e-19,73.0,6.31,0,16,9
-273.0,2.78e-19,330.0,-1.14e-06,0.0,330.0,329.0,2.78e-19,0.0,0.659,0.193,119.0,0.0,-0.42,-273.0,0.0,0.0,0.5,0.0,1,0.0,0.0,2.77e-19,158.0,0.001,0,16,10
-273.0,2.78e-19,330.0,0.0,0.0,330.0,329.0,2.78e-19,0.0,-0.297,0.423,119.0,0.0,-0.733,-273.0,0.0,-2.34e-06,0.25,0.0,1,0.025,6.25,2.77e-19,158.0,0.0,0,16,11
-273.0,2.78e-19,330.0,-5.56e-07,0.0,330.0,329.0,2.78e-19,0.0,-0.299,2.47,119.0,1.05e-06,0.377,-273.0,0.0,2.92e-06,-0.0625,0.0,1,0.0,0.0,2.77e-19,158.0,0.00075,0,16,12
-273.0,2.78e-19,330.0,-1.45e-06,0.0,330.0,329.0,2.78e-19,0.0,-0.619,0.193,119.0,-1.69e-06,0.0576,-273.0,0.0,9.46e-06,0.625,0.0,1,0.0,0.0,2.77e-19,158.0,0.00075,0,16,13
-273.0,2.78e-19,330.0,-1.85e-06,0.0,331.0,329.0,2.78e-19,0.0,-0.14,1.22,119.0,0.0,-0.74,-273.0,0.0,0.0,0.5,0.0,1,0.0,0.0,2.77e-19,158.0,0.001,0,16,14
-273.0,2.78e-19,330.0,0.0,0.0,330.0,329.0,2.78e-19,0.0,-0.301,-0.0896,119.0,2.04e-06,-0.898,-273.0,0.0,2.53e-06,0.875,0.0,1,0.0,0.0,2.77e-19,158.0,0.00175,0,16,15
-273.0,2.78e-19,330.0,1.25e-06,0.0,330.0,329.0,2.78e-19,0.0,0.0189,0.193,119.0,-1.62e-06,-0.417,-273.0,0.0,0.0,-0.5,0.0,1,0.0,0.0,2.77e-19,158.0,-0.001,0,16,16
-273.0,2.78e-19,330.0,0.0,0.0,330.0,329.0,2.78e-19,0.0,-1.1,-0.0368,119.0,1.8e-06,0.693,-273.0,0.0,-2.55e-06,0.687,0.0,1,0.0,0.0,2.77e-19,158.0,0.001,0,16,17
-273.0,2.78e-19,330.0,0.0,0.0,331.0,329.0,2.78e-19,0.0,-0.78,0.423,119.0,0.0,-0.898,-273.0,0.0,-9.58e-07,-0.438,0.0,1,0.0,0.0,2.77e-19,158.0,-0.00175,0,16,18
-273.0,2.78e-19,330.0,-1.08e-06,0.0,331.0,329.0,2.78e-19,0.0,-1.58,0.193,119.0,0.0,-1.06,-273.0,0.0,3.91e-06,-0.188,0.0,1,0.0,6.25,2.77e-19,158.0,0.0,0,16,19
-273.0,2.78e-19,330.0,2.03e-06,0.0,330.0,329.0,2.78e-19,0.0,-1.9,1.27,119.0,1.56e-06,-0.42,-273.0,0.0,0.0,0.875,0.0,1,0.0,0.0,2.77e-19,158.0,0.00175,0,16,20
-273.0,2.78e-19,330.0,0.0,0.0,330.0,329.0,2.78e-19,0.0,-0.301,1.5,119.0,-3.98e-06,-0.898,-273.0,12.5,3.46e-06,-0.25,0.025,1,0.0,0.0,2.77e-19,158.0,0.0,0,16,21
-273.0,2.78e-19,330.0,1.75e-06,0.0,330.0,329.0,2.78e-19,0.0,-0.46,0.193,119.0,1.67e-06,0.222,-273.0,0.0,-6.35e-06,-0.5,0.0,1,-0.025,-12.5,2.77e-19,158.0,-0.002,0,16,22
-273.0,2.78e-19,330.0,-1.82e-06,0.0,330.0,329.0,2.78e-19,0.0,-1.1,0.706,119.0,-4.71e-06,-0.578,-273.0,0.0,0.0,0.188,0.0,1,0.0,0.0,2.77e-19,158.0,0.0,0,16,23
-273.0,2.78e-19,330.0,0.0,0.0,330.0,329.0,2.78e-19,0.0,0.658,0.476,119.0,1.66e-06,-0.262,-273.0,0.0,0.0,0.5,0.0,1,0.0,6.25,2.77e-19,158.0,0.001,0,16,24
-273.0,2.78e-19,330.0,-1.5e-06,0.0,330.0,329.0,2.78e-19,0.0,-0.14,0.476,119.0,1.57e-06,-0.891,-273.0,0.0,7.45e-06,1.25,0.0,1,0.0,0.0,2.77e-19,158.0,0.004,0,16,25
-273.0,2.78e-19,330.0,0.0,0.0,330.0,329.0,2.78e-19,0.0,-0.461,1.22,119.0,1.93e-06,-1.21,-273.0,0.0,-1.31e-05,-0.5,0.0,1,0.0,0.0,2.77e-19,158.0,-0.002,0,16,26
-273.0,2.78e-19,330.0,2.18e-06,0.0,330.0,329.0,2.78e-19,0.0,-0.141,-0.0368,119.0,-1.73e-06,-0.1,-273.0,0.0,0.0,0.438,0.0,1,0.0,6.25,2.77e-19,158.0,0.0,0,16,27
-273.0,2.78e-19,330.0,-1.09e-06,0.0,330.0,329.0,2.78e-19,0.0,-0.459,0.989,119.0,-1.27e-06,-0.578,-273.0,0.0,-2.3e-06,0.0,0.0,1,0.0,0.0,2.77e-19,158.0,0.0,0,16,28
-273.0,2.78e-19,330.0,-2.63e-06,0.0,330.0,329.0,2.78e-19,0.0,-0.458,1.22,119.0,0.0,-0.736,-273.0,0.0,-2.91e-06,0.188,0.0,1,0.0,0.0,2.77e-19,158.0,-0.001,0,16,29
-273.0,2.78e-19,330.0,0.0,0.0,330.0,329.0,2.78e-19,0.0,-0.619,0.989,119.0,3.46e-06,-0.0971,-273.0,0.0,2.26e-06,0.188,0.0,1,0.0,0.0,2.77e-19,158.0,0.00075,0,16,30
-273.0,2.78e-19,330.0,-1.29e-06,0.0,331.0,329.0,2.78e-19,0.0,1.3,0.193,119.0,7.83e-07,-0.101,-273.0,0.0,-3.84e-06,0.5,0.0,1,0.025,6.25,2.77e-19,158.0,0.001,0,16,31
-273.0,2.78e-19,330.0,4.3e-06,0.0,331.0,329.0,2.78e-19,0.0,0.339,0.193,119.0,1.35e-06,-0.101,-273.0,0.0,9.78e-08,-0.25,0.0,1,0.0,0.0,2.77e-19,158.0,-0.001,0,16,32
-273.0,2.78e-19,330.0,2.49e-06,0.0,331.0,329.0,2.78e-19,0.0,0.179,0.706,119.0,1.58e-06,-0.898,-273.0,0.0,-5.15e-06,-0.625,0.0,1,0.0,0.0,2.77e-19,158.0,-0.00175,0,16,33
-273.0,2.78e-19,330.0,0.0,0.0,331.0,329.0,2.78e-19,0.0,1.46,0.706,119.0,-1.49e-06,-0.578,-273.0,0.0,5.3e-06,0.625,0.0,1,0.0,0.0,2.77e-19,158.0,0.00075,0,16,34
-273.0,2.78e-19,330.0,-1.91e-06,0.0,330.0,329.0,2.78e-19,0.0,0.0188,0.476,119.0,0.0,-1.22,-273.0,0.0,-3.73e-06,0.25,0.0,1,0.0,6.25,2.77e-19,158.0,0.0,0,16,35
-273.0,2.78e-19,330.0,0.0,0.0,330.0,329.0,2.78e-19,0.0,-0.779,0.989,119.0,-4.94e-06,-0.262,-273.0,0.0,-3.29e-06,-0.875,0.0,1,0.0,0.0,2.77e-19,158.0,-0.00175,0,16,36
-273.0,2.78e-19,330.0,0.0,0.0,330.0,329.0,2.78e-19,0.0,-1.74,0.476,119.0,-1.95e-06,-2.17,-273.0,0.0,0.0,0.0,0.0,1,0.0,0.0,2.77e-19,158.0,0.0,0,16,37
-273.0,2.78e-19,330.0,-9.6e-07,0.0,330.0,329.0,2.78e-19,0.0,0.0199,0.989,119.0,0.0,-0.578,-273.0,0.0,-4.23e-06,-0.25,0.0,1,0.0,0.0,2.77e-19,158.0,-0.001,0,16,38
-273.0,2.78e-19,330.0,0.0,0.0,331.0,329.0,2.78e-19,0.0,0.659,1.45,119.0,-4.12e-06,-0.101,-273.0,0.0,0.0,-0.25,0.0,1,0.0,0.0,2.77e-19,158.0,0.0,0,16,39
-273.0,2.78e-19,330.0,-1.36e-06,0.0,330.0,329.0,2.78e-19,0.0,-0.3,0.193,119.0,2.96e-06,-1.05,-273.0,0.0,-3.57e-06,-0.25,0.0,1,0.0,6.25,2.77e-19,158.0,0.0,0,16,40
-273.0,2.78e-19,330.0,-1.85e-06,0.0,330.0,329.0,2.78e-19,0.0,-0.461,0.706,119.0,-2.04e-06,-3.28,-273.0,0.0,-6.25e-07,-0.0625,0.0,1,0.0,0.0,2.77e-19,158.0,-0.001,0,16,41
-273.0,2.78e-19,330.0,0.0,0.0,330.0,329.0,2.78e-19,0.0,0.18,0.706,119.0,0.0,-0.101,-273.0,6.25,0.0,-0.625,0.0,1,0.0,0.0,2.77e-19,158.0,-0.00175,0,16,42
-273.0,2.78e-19,330.0,3.61e-06,0.0,330.0,329.0,2.78e-19,0.0,-1.58,0.476,119.0,-1.57e-06,-1.69,-273.0,0.0,-3.76e-06,-0.5,0.0,1,0.0,0.0,2.77e-19,158.0,-0.002,0,16,43
-273.0,2.78e-19,330.0,-1.92e-06,0.0,330.0,329.0,2.78e-19,0.0,0.0188,0.423,119.0,1.25e-06,-0.74,-273.0,0.0,-3.12e-06,-0.625,0.0,1,0.0,6.25,2.77e-19,158.0,-0.00075,0,16,44
-273.0,2.78e-19,330.0,-2.05e-06,0.0,331.0,329.0,2.78e-19,0.0,-1.26,1.5,119.0,-1.25e-06,0.858,-273.0,0.0,0.0,0.0,0.0,1,0.0,6.25,2.77e-19,158.0,0.0,0,16,45
-273.0,2.78e-19,330.0,4.23e-06,0.0,331.0,329.0,2.78e-19,0.0,-0.46,0.193,119.0,-6.1e-06,-1.7,-273.0,0.0,3.11e-06,0.0,0.0,1,0.0,0.0,2.77e-19,158.0,0.0,0,16,46
-273.0,2.78e-19,330.0,0.0,0.0,330.0,329.0,2.78e-19,0.0,-0.78,0.476,119.0,4.57e-06,-1.21,-273.0,0.0,-6.11e-06,-0.438,0.0,1,0.0,0.0,2.77e-19,158.0,-0.00175,0,16,47
-273.0,2.78e-19,330.0,2.72e-06,0.0,330.0,329.0,2.78e-19,0.0,0.818,0.246,119.0,-1.37e-06,-1.21,-273.0,0.0,-4.44e-06,0.0,0.0,1,0.0,0.0,2.77e-19,158.0,0.0,0,16,48
-273.0,2.78e-19,330.0,1.64e-06,0.0,331.0,329.0,2.78e-19,0.0,-0.3,0.476,119.0,3.96e-06,-0.42,-273.0,0.0,0.0,0.188,0.0,1,-0.025,-12.5,2.77e-19,158.0,0.00075,0,16,49
-273.0,2.78e-19,330.0,1.17e-06,0.0,330.0,329.0,2.78e-19,0.0,-0.779,0.989,119.0,0.0,-1.06,-273.0,0.0,4.17e-06,-0.625,0.0,1,-0.025,-6.25,2.77e-19,158.0,-0.00075,0,16,50
-273.0,2.78e-19,330.0,4.14e-06,0.0,330.0,329.0,2.78e-19,0.0,-0.301,0.706,119.0,0.0,-0.104,-273.0,6.25,2.65e-06,0.375,0.025,1,0.0,0.0,2.77e-19,158.0,0.00075,0,16,51
-273.0,2.78e-19,330.0,0.0,0.0,330.0,329.0,2.78e-19,0.0,0.18,0.989,119.0,-1.69e-06,-0.42,-273.0,6.25,0.0,-0.625,0.025,1,0.0,0.0,2.77e-19,158.0,-0.00175,0,16,52
-273.0,2.78e-19,330.0,1.89e-06,0.0,330.0,329.0,2.78e-19,0.0,-1.58,-5.22,119.0,-2.73e-06,-1.37,-273.0,-12.5,2.45e-06,-0.188,-0.025,1,0.0,0.0,2.77e-19,158.0,0.001,0,16,53
-273.0,2.78e-19,330.0,1.32e-06,0.0,330.0,329.0,2.78e-19,0.0,-0.14,0.423,119.0,-1.79e-06,-1.37,-273.0,-12.5,-2.85e-06,-0.188,-0.025,1,0.0,0.0,2.77e-19,158.0,-0.00075,0,16,54
-273.0,2.78e-19,330.0,-2.68e-06,0.0,330.0,329.0,2.78e-19,0.0,-6.86,-0.32,119.0,-1.77e-06,-0.895,-273.0,0.0,0.0,0.687,0.0,1,0.0,0.0,2.77e-19,158.0,0.001,0,16,55
-273.0,2.78e-19,330.0,2.06e-06,0.0,330.0,329.0,2.78e-19,0.0,-1.9,0.193,119.0,0.0,-0.74,-273.0,-12.5,3.13e-06,1.06,-0.025,1,0.0,0.0,2.77e-19,158.0,0.00125,0,16,56
-273.0,2.78e-19,330.0,-1.63e-06,0.0,330.0,329.0,2.78e-19,0.0,-0.46,0.989,119.0,-1.94e-06,-0.578,-273.0,0.0,-4.74e-06,-0.25,0.0,1,0.0,0.0,2.77e-19,158.0,-0.001,0,16,57
-273.0,2.78e-19,330.0,3.57e-06,0.0,330.0,329.0,2.78e-19,0.0,-1.74,0.14,119.0,0.0,-0.736,-273.0,-6.25,2.89e-06,0.875,-0.025,1,0.0,0.0,2.77e-19,158.0,0.00175,0,16,58
-273.0,2.78e-19,330.0,-1.43e-06,0.0,330.0,329.0,2.78e-19,0.0,-0.461,0.759,119.0,1.99e-06,-0.895,-273.0,6.25,-7.86e-07,-0.5,0.0,1,0.0,0.0,2.77e-19,158.0,-0.001,0,16,59
-273.0,2.78e-19,330.0,6.82e-07,0.0,330.0,329.0,2.78e-19,0.0,-0.939,-0.0896,119.0,0.0,-0.42,-273.0,0.0,0.0,-0.188,0.0,1,0.0,0.0,2.77e-19,158.0,-0.00075,0,16,60
-273.0,2.78e-19,330.0,-1.87e-06,0.0,330.0,329.0,2.78e-19,0.0,0.18,-0.0367,119.0,0.0,-0.734,-273.0,0.0,7.8e-06,1.0,0.0,1,0.0,0.0,2.77e-19,158.0,0.003,0,16,61
-273.0,2.78e-19,330.0,-7.98e-07,0.0,330.0,329.0,2.78e-19,0.0,-0.939,-0.32,119.0,0.0,-0.575,-273.0,0.0,0.0,0.687,0.0,1,0.0,0.0,2.77e-19,158.0,0.001,0,16,62
-273.0,2.78e-19,330.0,8.95e-07,0.0,330.0,329.0,2.78e-19,0.0,-0.14,0.989,119.0,-1.41e-06,-1.53,-273.0,0.0,-2.96e-06,-0.625,0.0,1,0.0,0.0,2.77e-19,158.0,-0.00175,0,16,63
-273.0,2.78e-19,330.0,-1.01e-06,0.0,330.0,329.0,2.78e-19,0.0,1.62,0.476,119.0,-2.01e-06,-0.737,-273.0,0.0,0.0,-0.25,0.0,1,0.0,0.0,2.77e-19,158.0,0.0,0,16,64
-273.0,2.78e-19,330.0,0.0,0.0,330.0,329.0,2.78e-19,0.0,-1.42,0.476,119.0,-1.57e-06,0.0578,-273.0,0.0,-6.74e-06,-0.25,0.0,1,-0.025,-12.5,2.77e-19,158.0,-0.001,0,16,65
-273.0,2.78e-19,330.0,-9.59e-07,0.0,330.0,329.0,2.78e-19,0.0,-1.42,0.759,119.0,0.0,-1.21,-273.0,0.0,-5.32e-06,0.438,0.0,1,-0.025,-12.5,2.77e-19,158.0,0.0,0,16,66
-273.0,2.78e-19,330.0,0.0,0.0,330.0,329.0,2.78e-19,0.0,0.179,-0.0896,119.0,1.36e-06,-0.414,-273.0,0.0,-2.25e-06,-0.5,0.0,1,0.0,0.0,2.77e-19,158.0,-0.002,0,16,67
-273.0,2.78e-19,330.0,3.73e-06,0.0,330.0,329.0,2.78e-19,0.0,-0.939,0.706,119.0,2.14e-06,0.377,-273.0,0.0,4.55e-06,-0.188,0.0,1,0.0,0.0,2.77e-19,158.0,0.0,0,16,68
-273.0,2.78e-19,330.0,0.0,0.0,330.0,329.0,2.78e-19,0.0,-0.78,6.53,119.0,0.0,-0.1,-273.0,0.0,-5.45e-06,-1.25,0.0,1,0.0,0.0,2.77e-19,158.0,-0.002,0,16,69
-273.0,2.78e-19,330.0,1.66e-06,0.0,330.0,329.0,2.78e-19,0.0,-0.94,0.989,119.0,5.2e-06,-1.85,-273.0,0.0,-7.5e-06,-0.75,0.0,1,0.0,0.0,2.77e-19,158.0,-0.001,0,16,70
-273.0,2.78e-19,330.0,2.02e-06,0.0,330.0,329.0,2.78e-19,0.0,-0.62,0.989,119.0,2.87e-06,-0.424,-273.0,0.0,0.0,0.0,0.0,1,-0.025,-12.5,2.77e-19,158.0,0.0,0,16,71
-273.0,2.78e-19,330.0,0.0,0.0,330.0,329.0,2.78e-19,0.0,-1.58,0.989,119.0,-2.22e-06,0.535,-273.0,0.0,4.75e-06,0.375,0.0,1,0.0,0.0,2.77e-19,158.0,0.00075,0,16,72
-273.0,2.78e-19,330.0,3.28e-06,0.0,330.0,329.0,2.78e-19,0.0,-0.94,1.45,119.0,-2.04e-06,-1.06,-273.0,0.0,0.0,0.375,0.0,1,0.0,0.0,2.77e-19,158.0,0.00075,0,16,73
-273.0,2.78e-19,330.0,-1.25e-06,0.0,330.0,329.0,2.78e-19,0.0,-0.301,0.476,119.0,-2.67e-06,-1.69,-273.0,0.0,5.33e-06,0.438,0.0,1,0.0,6.25,2.77e-19,158.0,0.00175,0,16,74
-273.0,2.78e-19,330.0,1.84e-06,0.0,330.0,329.0,2.78e-19,0.0,0.0199,-0.0368,119.0,0.0,-1.37,-273.0,0.0,-2.63e-06,-0.5,0.0,1,-0.025,-12.5,2.77e-19,158.0,-0.001,0,16,75
-273.0,2.78e-19,330.0,-1.92e-06,0.0,330.0,329.0,2.78e-19,0.0,-0.46,-0.32,119.0,-2.56e-06,-1.37,-273.0,0.0,4.4e-06,0.188,0.0,1,0.0,6.25,2.77e-19,158.0,0.00075,0,16,76
-273.0,2.78e-19,330.0,0.0,0.0,330.0,329.0,2.78e-19,0.0,-1.1,0.706,119.0,-2.23e-06,-1.05,-273.0,6.25,-6.73e-06,-0.5,0.0,1,-0.025,-12.5,2.77e-19,158.0,-0.001,0,16,77
-273.0,2.78e-19,330.0,1.23e-06,0.0,330.0,329.0,2.78e-19,0.0,-0.781,0.476,119.0,2.14e-06,-0.0971,-273.0,0.0,3.78e-06,0.687,0.0,1,-0.025,-12.5,2.77e-19,158.0,0.001,0,16,78
-273.0,2.78e-19,330.0,0.0,0.0,330.0,329.0,2.78e-19,0.0,-1.58,0.706,119.0,0.0,-1.21,-273.0,0.0,-4.22e-06,-0.188,0.0,1,0.0,0.0,2.77e-19,158.0,0.0,0,16,79
-553.0,0.0345,323.0,-4.46e-06,2.58,327.0,325.0,0.222,14.6,-0.618,18.0,29.7,0.00173,-12.9,-552.0,-612.0,0.163,34.9,-1.55,1,-0.075,-37.5,0.845,95.6,53.4,0,16,80
-547.0,0.138,323.0,0.00267,18.8,326.0,325.0,0.145,32.1,8.08,19.8,29.7,0.0053,-9.6,-547.0,113.0,0.167,-54.4,-17.5,1,8.75,62.5,0.87,93.8,53.3,0,16,81
-542.0,0.134,320.0,0.00458,29.7,326.0,325.0,0.0937,19.2,7.47,21.6,29.7,0.0023,-4.35,-542.0,6.25,0.15,12.1,-12.1,1,16.5,131.0,0.794,92.3,53.3,0,16,82
-537.0,0.129,323.0,0.00548,32.7,326.0,325.0,0.0867,8.3,6.16,25.3,29.7,0.000356,-4.42,-536.0,87.5,0.179,7.87,-2.08,1,20.0,37.5,0.941,91.6,53.3,0,16,83
-532.0,0.122,318.0,0.00515,33.6,326.0,326.0,0.0783,6.3,6.52,12.9,29.7,4.93e-05,-4.45,-531.0,43.8,0.157,58.4,0.1,1,20.3,-6.25,0.831,91.6,53.5,0,16,84
-526.0,0.138,321.0,0.00599,33.1,326.0,326.0,0.0797,4.34,6.4,22.6,29.7,1.26e-05,-5.23,-526.0,62.5,0.179,-85.8,0.125,1,20.1,25.0,0.938,91.6,53.2,0,16,85
-521.0,0.109,323.0,0.00464,32.6,326.0,325.0,0.0678,3.64,6.57,23.4,29.7,-2.03e-05,-4.14,-520.0,-62.5,0.188,-38.3,-0.125,1,20.0,-18.8,0.981,91.6,53.3,0,16,86
-516.0,0.115,318.0,0.00485,32.8,326.0,325.0,0.0818,5.24,6.69,21.2,29.7,-1.29e-05,-4.73,-515.0,50.0,0.177,10.6,0.1,1,20.0,-43.8,0.924,91.6,53.3,0,16,87
-510.0,0.135,318.0,0.0056,32.6,326.0,325.0,0.0833,5.87,8.8,28.8,29.7,3.82e-05,-4.61,-510.0,12.5,0.232,-71.3,0.025,1,19.8,-31.3,1.22,91.6,53.1,0,16,88
-505.0,0.127,322.0,0.00532,33.4,326.0,325.0,0.0655,5.02,8.11,25.3,29.7,-1.03e-05,-3.4,-504.0,-62.5,0.225,-33.3,-0.125,1,20.1,25.0,1.16,91.6,53.3,0,16,89
-500.0,0.106,317.0,0.00413,30.5,326.0,324.0,0.151,17.5,6.15,19.1,29.7,0.0023,-7.64,-499.0,-231.0,0.197,-27.0,-7.2,1,18.6,-81.2,1.02,91.4,53.3,0,16,90
-273.0,2.78e-19,330.0,0.0,0.0,330.0,329.0,2.78e-19,0.0,-0.619,0.246,119.0,0.0,-0.101,-273.0,0.0,0.0,0.0,0.0,1,0.0,0.0,2.77e-19,158.0,0.0,0,16,91
-273.0,2.78e-19,330.0,0.0,0.0,330.0,329.0,2.78e-19,0.0,-0.46,-0.0368,119.0,0.0,-0.42,-273.0,0.0,0.0,-0.375,0.0,1,0.0,0.0,2.77e-19,158.0,-0.00075,0,16,92
-273.0,2.78e-19,330.0,0.0,0.0,330.0,329.0,2.78e-19,0.0,-1.42,0.706,119.0,1.2e-06,-0.894,-273.0,0.0,0.0,0.5,0.0,1,0.0,0.0,2.77e-19,158.0,0.001,0,16,93
-273.0,2.78e-19,330.0,-7.15e-07,0.0,330.0,329.0,2.78e-19,0.0,1.14,1.45,119.0,0.0,-0.898,-273.0,0.0,0.0,0.0,0.0,1,0.0,0.0,2.77e-19,158.0,0.0,0,16,94
-273.0,2.78e-19,330.0,8.42e-07,0.0,330.0,329.0,2.78e-19,0.0,0.0199,0.193,119.0,1.36e-06,-1.21,-273.0,0.0,0.0,0.188,0.0,1,0.0,0.0,2.77e-19,158.0,0.00075,0,16,95
-273.0,2.78e-19,330.0,2.31e-06,0.0,330.0,329.0,2.78e-19,0.0,0.0199,1.22,119.0,-1.26e-06,-1.37,-273.0,0.0,8.15e-07,0.625,0.0,1,0.0,0.0,2.77e-19,158.0,0.00175,0,16,96
-273.0,2.78e-19,330.0,1.71e-06,0.0,330.0,329.0,2.78e-19,0.0,-2.22,1.5,119.0,-2.12e-06,0.0576,-273.0,0.0,-3.79e-06,-0.625,0.0,1,-0.025,-12.5,2.77e-19,158.0,-0.00175,0,16,97
-273.0,2.78e-19,330.0,-6.94e-07,0.0,330.0,329.0,2.78e-19,0.0,-0.619,0.193,119.0,-3.13e-06,-0.74,-273.0,0.0,0.0,-0.25,0.0,1,0.0,0.0,2.77e-19,158.0,0.0,0,16,98
-273.0,2.78e-19,330.0,-9.99e-07,0.0,331.0,329.0,2.78e-19,0.0,-0.46,0.989,119.0,0.0,-0.894,-273.0,0.0,6.34e-06,0.0,0.0,1,0.0,0.0,2.77e-19,158.0,0.0,0,16,99
-273.0,2.78e-19,330.0,-2.98e-06,0.0,330.0,329.0,2.78e-19,0.0,-1.42,0.706,119.0,1.71e-06,-0.733,-273.0,0.0,5.69e-06,0.438,0.0,1,0.025,6.25,2.77e-19,158.0,0.00075,0,16,100
-927.0,0.0287,329.0,1.72e-06,2.21,330.0,328.0,0.0156,1.46,-0.462,1.07,119.0,3.06e-07,0.702,-927.0,-12.5,1.8e-06,0.5,-0.025,1,0.05,6.25,2.7e-19,158.0,0.001,0,16,101
-927.0,0.0241,329.0,-6.15e-07,1.83,329.0,328.0,0.015,1.17,-0.939,0.434,119.0,3.52e-07,0.373,-927.0,0.0,0.0,0.25,0.0,1,-0.025,-6.25,2.7e-19,158.0,0.001,0,16,102
-927.0,0.0248,329.0,-1.76e-06,2.83,329.0,328.0,0.0153,1.57,-2.22,0.223,119.0,3.65e-07,0.373,-927.0,-18.8,3.48e-06,-0.5,-0.025,1,0.025,6.25,2.7e-19,158.0,-0.001,0,16,103
-927.0,0.0231,329.0,1.3e-06,2.73,329.0,328.0,0.0218,2.98,1.46,0.566,119.0,5.13e-07,3.56,-927.0,-18.8,-2.36e-06,-0.25,-0.025,1,0.0,0.0,2.7e-19,158.0,-0.001,0,16,104
-927.0,0.0296,329.0,0.0,9.62,330.0,328.0,0.0161,0.584,6.41,0.645,119.0,1.33e-06,1.17,-927.0,-12.5,-1.74e-06,-0.438,0.0,1,-0.025,-6.25,2.7e-19,158.0,0.0,0,16,105
-927.0,0.0225,330.0,-2.56e-06,2.61,330.0,329.0,0.0175,1.58,1.46,0.566,119.0,0.0,0.383,-927.0,-18.8,-3.72e-06,0.25,-0.025,1,0.05,18.8,2.7e-19,158.0,0.0,0,16,106
-927.0,0.0239,329.0,-3.86e-06,1.57,330.0,328.0,0.0187,2.21,0.66,0.434,119.0,0.0,0.392,-927.0,-18.8,1.61e-06,0.0,-0.025,1,0.05,18.8,2.7e-19,158.0,0.0,0,16,107
-927.0,0.0284,329.0,0.0,2.42,329.0,328.0,0.0178,2.55,-1.58,0.645,119.0,2.38e-06,-0.411,-927.0,-6.25,-1.89e-06,0.0,0.0,1,0.0,6.25,2.7e-19,158.0,-0.001,0,16,108
-927.0,0.0236,330.0,3e-06,0.474,329.0,328.0,0.0185,0.362,-0.618,0.566,119.0,-1.42e-06,0.692,-927.0,0.0,-1.29e-06,-0.25,0.0,1,0.025,0.0,2.7e-19,158.0,-0.001,0,16,109
-927.0,0.033,329.0,1.66e-06,2.04,330.0,328.0,0.0196,0.864,1.62,0.434,119.0,0.0,0.682,-927.0,-12.5,-2.26e-06,-0.25,-0.05,1,-0.075,-31.3,2.7e-19,158.0,0.0,0,16,110
-273.0,2.78e-19,330.0,-1.32e-06,0.0,330.0,329.0,2.78e-19,0.0,0.0188,0.989,119.0,0.0,-1.38,-273.0,0.0,0.0,-0.5,0.0,1,0.025,6.25,2.77e-19,158.0,-0.001,0,16,111
-273.0,2.78e-19,330.0,-1.89e-06,0.0,330.0,329.0,2.78e-19,0.0,0.178,0.193,119.0,0.0,-0.895,-273.0,12.5,7.31e-06,0.687,0.025,1,0.0,-6.25,2.77e-19,158.0,0.00175,0,16,112
-273.0,2.78e-19,330.0,-1.67e-06,0.0,330.0,329.0,2.78e-19,0.0,-0.3,0.936,119.0,4.93e-06,-0.582,-273.0,-6.25,0.0,0.188,-0.025,1,0.0,0.0,2.77e-19,158.0,0.00075,0,16,113
-273.0,2.78e-19,330.0,-2.77e-06,0.0,330.0,329.0,2.78e-19,0.0,-0.939,1.22,119.0,-6.38e-06,-1.05,-273.0,0.0,0.0,-0.375,0.0,1,0.025,6.25,2.77e-19,158.0,-0.00075,0,16,114
-273.0,2.78e-19,330.0,3.18e-06,0.0,330.0,329.0,2.78e-19,0.0,0.179,1.22,119.0,0.0,-0.42,-273.0,-6.25,-4.06e-06,0.75,-0.025,1,0.0,0.0,2.77e-19,158.0,0.001,0,16,115
-273.0,2.78e-19,330.0,1.49e-06,0.0,330.0,329.0,2.78e-19,0.0,-2.06,-0.0896,119.0,-4.1e-06,-0.733,-273.0,-6.25,0.0,-0.375,0.0,1,0.0,0.0,2.77e-19,158.0,-0.00075,0,16,116
-273.0,2.78e-19,330.0,0.0,0.0,330.0,329.0,2.78e-19,0.0,-1.26,0.706,119.0,1.76e-06,-0.417,-273.0,6.25,0.0,-0.5,0.0,1,0.0,0.0,2.77e-19,158.0,-0.001,0,16,117
-273.0,2.78e-19,330.0,1.02e-06,0.0,330.0,329.0,2.78e-19,0.0,0.5,0.989,119.0,0.0,-0.736,-273.0,6.25,7.81e-06,0.875,0.025,1,0.0,0.0,2.77e-19,158.0,0.00175,0,16,118
-273.0,2.78e-19,330.0,1.39e-06,0.0,330.0,329.0,2.78e-19,0.0,-0.939,0.989,119.0,0.0,-1.21,-273.0,12.5,3.02e-06,0.188,0.025,1,-0.025,-12.5,2.77e-19,158.0,0.00175,0,16,119
-273.0,2.78e-19,330.0,-1.79e-06,0.0,330.0,329.0,2.78e-19,0.0,-1.42,0.476,119.0,-1.81e-06,0.0609,-273.0,12.5,-2.02e-06,-0.625,0.025,1,0.0,6.25,2.77e-19,158.0,-0.00175,0,16,120
-273.0,2.78e-19,330.0,3.11e-06,0.0,330.0,329.0,2.78e-19,0.0,-1.26,0.193,119.0,-1.71e-06,-0.736,-273.0,0.0,0.0,0.687,0.0,1,-0.025,-12.5,2.77e-19,158.0,0.001,0,16,121
-274.0,0.0238,329.0,-1.43e-06,3.47,329.0,328.0,0.0282,3.58,0.697,-0.526,91.8,1.35e-06,-2.18,-274.0,0.0,-0.000378,-1.31,0.0,1,-0.025,-18.8,2.77e-19,73.0,3.98,0,16,122
-273.0,0.0223,329.0,-3.06e-06,3.05,329.0,328.0,0.0183,1.24,0.467,-0.107,96.8,1.32e-06,0.0599,-273.0,0.0,-5.69e-05,-34.3,0.0,1,-0.025,-18.8,2.77e-19,73.0,1.7,0,16,123
-273.0,0.0194,329.0,0.0,2.9,329.0,328.0,0.0178,0.456,0.237,0.246,102.0,1.39e-06,0.38,-273.0,0.0,3.52e-06,2.5,0.0,1,-0.05,-31.3,2.77e-19,73.0,0.0132,0,16,124
-273.0,0.02,329.0,1.4e-06,1.35,329.0,328.0,0.0181,1.21,1.29,0.706,107.0,0.0,0.0599,-273.0,0.0,7.79e-06,1.31,0.0,1,-0.025,-12.5,2.77e-19,73.0,0.00225,0,16,125
-273.0,0.0259,329.0,-1.48e-06,2.34,329.0,328.0,0.0189,2.86,0.549,0.193,112.0,2.82e-06,-0.579,-273.0,-25.0,-5.01e-06,0.0,-0.05,1,-0.075,-37.5,2.77e-19,73.0,-0.001,0,16,126
-273.0,0.0179,329.0,0.0,1.95,329.0,328.0,0.0262,1.05,1.08,-2.14,117.0,1.4e-06,-0.26,-273.0,0.0,0.0,-0.625,0.0,1,-0.05,-25.0,2.77e-19,73.0,-0.00175,0,16,127
-273.0,0.298,330.0,0.00996,31.8,329.0,327.0,0.302,30.5,17.9,-0.0896,119.0,0.00987,17.4,-273.0,869.0,3.57e-06,-0.25,13.9,1,14.1,1070.0,2.77e-19,73.1,0.0,0,16,128
-273.0,0.191,329.0,0.0202,71.1,327.0,326.0,0.184,70.9,10.4,0.706,119.0,0.0195,9.24,-273.0,31.3,0.0,-0.0625,50.3,1,50.0,12.5,2.77e-19,77.6,-0.001,0,16,129
-273.0,0.167,329.0,0.0175,71.0,327.0,326.0,0.189,72.0,9.44,0.989,119.0,0.0201,9.52,-273.0,0.0,3.58e-06,-0.25,50.1,1,50.1,25.0,2.77e-19,82.6,0.0,0,16,130
-273.0,0.179,329.0,0.0189,72.6,327.0,326.0,0.203,71.8,9.5,0.476,119.0,0.0215,9.24,-273.0,-100.0,0.0,0.0,49.8,1,50.0,0.0,2.77e-19,87.6,0.0,0,16,131
-273.0,2.78e-19,330.0,-4.5e-06,0.0,330.0,329.0,2.78e-19,0.0,-0.619,-0.32,119.0,-2.45e-06,-0.259,-273.0,0.0,3.13e-06,0.438,0.0,1,0.0,0.0,2.77e-19,158.0,0.00175,0,16,132
-273.0,2.78e-19,330.0,3.89e-06,0.0,330.0,329.0,2.78e-19,0.0,-1.42,0.989,119.0,-1.57e-06,-2.01,-273.0,0.0,-2.64e-06,-0.25,0.0,1,0.0,0.0,2.77e-19,158.0,-0.001,0,16,133
-273.0,2.78e-19,330.0,-1.44e-06,0.0,330.0,329.0,2.78e-19,0.0,-1.9,0.476,119.0,-1.59e-06,0.693,-273.0,0.0,2.43e-06,0.188,0.0,1,0.0,0.0,2.77e-19,158.0,0.00075,0,16,134
-273.0,2.78e-19,330.0,2.21e-06,0.0,330.0,329.0,2.78e-19,0.0,-1.26,0.423,119.0,-2.55e-06,-2.01,-273.0,0.0,7.14e-06,0.188,0.0,1,0.0,0.0,2.77e-19,158.0,0.00075,0,16,135
-273.0,2.78e-19,330.0,1.57e-06,0.0,330.0,329.0,2.78e-19,0.0,-0.78,0.423,119.0,-1.6e-06,-0.891,-273.0,0.0,0.0,0.0,0.0,1,0.0,0.0,2.77e-19,158.0,-0.001,0,16,136
-273.0,2.78e-19,330.0,1.36e-06,0.0,331.0,329.0,2.78e-19,0.0,-0.78,0.759,119.0,3.85e-06,-1.21,-273.0,0.0,0.0,0.0,0.0,1,0.0,0.0,2.77e-19,158.0,0.0,0,16,137
-273.0,2.78e-19,330.0,0.0,0.0,330.0,329.0,2.78e-19,0.0,-0.78,0.706,119.0,-1.77e-06,-2.01,-273.0,0.0,-2.22e-06,0.25,0.0,1,0.0,0.0,2.77e-19,158.0,0.0,0,16,138
-273.0,2.78e-19,330.0,0.0,0.0,330.0,329.0,2.78e-19,0.0,-1.42,0.653,119.0,1.35e-06,-0.259,-273.0,0.0,0.0,0.188,0.0,1,0.0,0.0,2.77e-19,158.0,0.001,0,16,139
-273.0,2.78e-19,330.0,0.0,0.0,331.0,329.0,2.78e-19,0.0,-0.3,0.476,119.0,0.0,-1.85,-273.0,0.0,0.0,1.06,0.0,1,0.0,0.0,2.77e-19,158.0,0.00125,0,16,140
-273.0,2.78e-19,330.0,0.0,0.0,330.0,329.0,2.78e-19,0.0,-0.141,0.989,119.0,5.11e-06,-1.06,-273.0,0.0,0.0,0.5,0.0,1,0.0,0.0,2.77e-19,158.0,0.001,0,16,141
-441.0,0.173,322.0,0.00578,28.5,326.0,324.0,0.113,21.6,-7.93,25.9,29.7,0.00312,-5.99,-440.0,156.0,0.227,-55.8,-13.3,1,-15.1,-131.0,1.17,73.0,53.2,0,16,142
-436.0,0.157,314.0,-0.00173,2.95,326.0,325.0,0.0705,2.43,6.56,22.2,29.7,3.22e-05,-4.62,-435.0,56.3,0.2,10.9,-0.075,1,-8.42,556.0,1.04,72.4,53.4,0,16,143
-430.0,0.128,316.0,0.00532,32.0,326.0,325.0,0.016,0.412,-9.31,29.2,29.7,-5.76e-07,0.644,-430.0,12.5,0.24,-67.4,0.025,1,-19.9,31.3,1.25,72.4,53.2,0,16,144
-425.0,0.153,321.0,0.00641,33.9,326.0,325.0,0.0186,2.89,-9.09,25.5,29.7,-1.41e-06,-2.01,-424.0,6.25,0.236,-9.94,0.025,1,-20.0,-37.5,1.22,72.4,53.3,0,16,145
-420.0,0.137,315.0,0.00587,33.2,325.0,325.0,0.0161,0.533,-6.11,20.4,29.7,0.0,-0.307,-419.0,0.0,0.204,-14.4,0.0,1,-20.1,12.5,1.06,72.4,53.4,0,16,146
-414.0,0.111,315.0,0.00461,32.4,326.0,325.0,0.0182,0.339,-5.66,22.5,29.7,0.0,0.0605,-414.0,0.0,0.201,25.1,0.0,1,-20.0,37.5,1.04,72.4,53.4,0,16,147
-409.0,0.12,322.0,0.00491,33.0,326.0,324.0,0.0186,1.86,-5.86,20.7,29.7,3.03e-06,-0.674,-408.0,0.0,0.199,40.6,0.0,1,-20.0,-25.0,1.04,72.4,53.5,0,16,148
-404.0,0.134,314.0,0.00559,30.0,326.0,325.0,0.0195,1.09,-10.1,19.9,29.7,-8.34e-07,-0.624,-403.0,0.0,0.22,24.9,0.0,1,-19.9,-12.5,1.14,72.4,53.4,0,16,149
-398.0,0.146,315.0,0.0062,32.0,326.0,325.0,0.0207,3.89,-8.04,25.8,29.7,-9.09e-07,-1.99,-398.0,0.0,0.203,-14.7,0.0,1,-20.0,0.0,1.05,72.4,53.3,0,16,150
-393.0,0.0992,322.0,-0.00107,3.59,326.0,325.0,0.0192,3.9,2.34,25.4,29.7,-3.58e-06,-1.68,-392.0,0.0,0.211,13.1,0.0,1,-7.53,1010.0,1.09,72.4,53.4,0,16,151
-606.0,0.134,323.0,0.00561,31.8,326.0,325.0,0.0654,5.35,-6.71,18.1,29.7,0.000211,3.65,-606.0,-31.3,0.182,52.2,2.17,1,-19.8,56.3,0.955,103.0,53.4,0,16,152
-601.0,0.119,322.0,0.00493,32.4,326.0,325.0,0.0404,2.05,-7.41,23.6,29.7,0.0,1.92,-600.0,62.5,0.191,-28.1,0.125,1,-20.1,-6.25,0.991,103.0,53.3,0,16,153
-596.0,0.125,320.0,0.00535,33.2,326.0,325.0,0.043,4.7,-5.3,21.2,29.7,-6.33e-06,2.72,-595.0,-56.3,0.174,11.2,-0.1,1,-20.0,6.25,0.906,103.0,53.3,0,16,154
-590.0,0.125,320.0,0.00524,33.5,326.0,326.0,0.046,3.94,-7.05,28.1,29.7,0.0,3.42,-590.0,-25.0,0.222,-88.4,-0.05,1,-20.0,18.8,1.17,103.0,53.1,0,16,155
-585.0,0.0829,322.0,0.00259,25.5,326.0,325.0,0.0428,5.76,-1.74,25.2,29.7,0.0,3.16,-584.0,75.0,0.225,-43.5,0.175,1,-19.4,100.0,1.16,103.0,53.3,0,16,156
-580.0,0.133,320.0,0.00538,31.5,326.0,325.0,0.173,13.0,-7.43,17.8,29.7,0.00199,-10.4,-579.0,-93.7,0.178,-15.7,-4.8,1,-19.3,43.8,0.925,103.0,53.3,0,16,157
-574.0,0.114,319.0,0.00346,23.9,326.0,325.0,0.169,25.3,-7.75,19.3,29.7,0.00487,-8.86,-574.0,-93.7,0.17,21.3,-13.5,1,-14.4,244.0,0.889,102.0,53.4,0,16,158
-569.0,0.0656,323.0,0.000752,12.1,326.0,325.0,0.128,30.8,-4.77,17.2,29.7,0.00507,-8.07,-568.0,-144.0,0.165,22.8,-19.5,1,-5.85,138.0,0.868,100.0,53.4,0,16,159
-564.0,0.0504,319.0,0.0,3.73,327.0,324.0,0.361,38.8,-3.47,18.7,29.7,0.0144,-22.1,-563.0,-981.0,0.207,-38.4,-17.3,1,0.2,93.7,1.07,99.1,53.3,0,16,160
-558.0,0.0432,319.0,1.03e-05,2.56,327.0,325.0,0.159,32.6,-2.53,21.2,29.7,0.00673,-11.3,-558.0,-50.0,0.182,-10.1,-20.0,1,0.1,50.0,0.948,97.1,53.3,0,16,161
-273.0,0.0222,330.0,-1.24e-06,2.53,330.0,329.0,0.0169,0.216,0.5,0.989,119.0,0.0,1.5,-273.0,-6.25,2.98e-06,0.0,-0.025,1,-0.025,-6.25,2.77e-19,158.0,0.0,0,16,162
-273.0,0.0207,330.0,-2.88e-06,0.888,330.0,329.0,0.0178,0.459,-1.26,1.22,119.0,-3.5e-07,1.98,-273.0,-31.3,3.4e-06,0.375,-0.075,1,0.0,0.0,2.77e-19,158.0,0.00075,0,16,163
-273.0,0.0206,330.0,-5.12e-06,1.79,330.0,329.0,0.0189,0.905,-1.58,0.989,119.0,3.2e-07,0.699,-273.0,-25.0,-2.01e-06,0.188,-0.05,1,0.025,12.5,2.77e-19,158.0,-0.001,0,16,164
-273.0,0.0264,330.0,-1.9e-06,0.418,330.0,329.0,0.0171,2.02,-1.42,0.706,119.0,0.0,0.54,-273.0,-12.5,6.74e-06,0.625,-0.025,1,0.025,18.8,2.77e-19,158.0,0.00175,0,16,165
-273.0,0.0184,330.0,9.01e-07,1.99,330.0,329.0,0.0177,1.02,-0.3,0.759,119.0,1.4e-06,0.859,-273.0,-25.0,-8.14e-06,0.0,-0.05,1,-0.025,0.0,2.77e-19,158.0,0.0,0,16,166
-273.0,0.0197,330.0,1.65e-06,1.66,330.0,329.0,0.0153,2.74,-0.3,0.193,119.0,1.58e-10,-0.0998,-273.0,0.0,9.46e-06,0.687,0.0,1,0.0,0.0,2.77e-19,158.0,0.00175,0,16,167
-273.0,0.0224,330.0,0.0,1.1,330.0,328.0,0.0214,2.6,-0.46,0.246,119.0,-2.91e-07,-0.1,-273.0,-25.0,-7.84e-06,-0.25,-0.05,1,0.0,0.0,2.77e-19,158.0,0.0,0,16,168
-273.0,0.0192,329.0,2.8e-06,2.3,329.0,328.0,0.0176,2.66,0.179,0.989,119.0,-2.78e-07,-0.419,-273.0,-6.25,6.93e-06,-0.0625,-0.025,1,-0.025,-6.25,2.77e-19,158.0,0.00075,0,16,169
-273.0,0.0253,329.0,0.0,0.879,329.0,327.0,0.0183,0.291,-0.939,0.989,119.0,3.87e-07,1.18,-273.0,-12.5,0.0,-0.75,-0.025,1,0.0,0.0,2.77e-19,158.0,-0.001,0,16,170
-273.0,0.0237,328.0,-1.87e-06,1.57,329.0,327.0,0.0169,1.75,-0.618,-0.833,119.0,6.15e-07,0.38,-273.0,-12.5,0.0,1.0,-0.025,1,0.025,6.25,2.77e-19,158.0,0.002,0,16,171
-273.0,0.0207,329.0,0.0,2.92,329.0,327.0,0.187,70.8,-0.139,1.22,119.0,0.0197,10.2,-273.0,75.0,3.26e-06,0.313,50.2,1,0.025,6.25,2.77e-19,143.0,0.0,0,16,172
-273.0,0.0246,329.0,-1.99e-06,2.54,329.0,327.0,0.192,71.6,0.18,0.706,119.0,0.0201,9.88,-273.0,75.0,0.0,-0.375,50.2,1,0.025,12.5,2.77e-19,148.0,-0.00075,0,16,173
-273.0,0.0221,329.0,1.62e-06,1.23,330.0,327.0,0.184,71.3,-1.74,0.476,119.0,0.0192,10.4,-273.0,75.0,0.0,0.687,50.1,1,0.0,0.0,2.77e-19,153.0,0.001,0,16,174
-273.0,0.0298,329.0,-1.66e-06,0.917,330.0,330.0,0.0536,26.5,-1.26,1.22,119.0,-0.00271,-3.84,-273.0,-1000.0,5.76e-06,0.0,28.4,1,0.0,0.0,2.77e-19,158.0,0.0,0,16,175
-273.0,0.0281,330.0,-1.91e-06,1.28,330.0,329.0,0.0164,1.82,-0.779,0.989,119.0,0.0,0.22,-273.0,6.25,-6.85e-06,0.25,-0.025,1,0.025,12.5,2.77e-19,158.0,0.0,0,16,176
-273.0,0.0205,330.0,-2.83e-06,1.79,330.0,329.0,0.0207,0.649,-2.06,0.423,119.0,2.07e-07,0.699,-273.0,-12.5,3.05e-06,0.25,-0.025,1,-0.025,0.0,2.77e-19,158.0,0.001,0,16,177
-273.0,0.0202,330.0,0.0,2.64,330.0,328.0,0.0198,0.812,0.34,0.476,119.0,0.0,0.858,-273.0,-12.5,-3.45e-06,0.0,-0.025,1,0.0,0.0,2.77e-19,158.0,0.0,0,16,178
-273.0,0.0227,330.0,-1.86e-06,1.55,330.0,329.0,0.0193,0.72,-0.299,1.78,119.0,0.0,1.5,-273.0,-12.5,-3.56e-06,-0.937,-0.025,1,0.0,0.0,2.77e-19,158.0,-0.00275,0,16,179
-273.0,0.0252,330.0,1.71e-06,1.5,330.0,329.0,0.0243,1.64,-0.3,1.22,119.0,1.39e-07,-0.42,-273.0,6.25,3.2e-06,2.13,0.0,1,0.0,6.25,2.77e-19,158.0,0.00525,0,16,180
-273.0,0.0236,330.0,-1.52e-06,1.68,330.0,329.0,0.0169,1.81,-1.58,0.989,119.0,0.0,0.38,-273.0,-25.0,0.0,0.5,-0.05,1,0.0,0.0,2.77e-19,158.0,0.001,0,16,181
-660.0,0.113,321.0,0.00478,33.1,326.0,325.0,0.026,3.57,4.99,14.9,29.7,2.12e-06,0.0887,-659.0,-50.0,0.164,28.4,-0.1,1,20.1,-31.3,0.864,105.0,53.5,0,16,182
-655.0,0.194,322.0,0.00162,15.5,327.0,326.0,0.0208,2.78,11.1,25.2,29.7,-4.96e-06,0.207,-654.0,-50.0,0.156,-6.38,-0.1,1,1.9,712.0,0.832,105.0,53.3,0,16,183
-649.0,0.0601,322.0,0.00175,24.6,326.0,324.0,0.171,25.6,2.91,27.6,29.7,0.00478,-9.87,-649.0,-231.0,0.235,-49.4,-12.9,1,15.6,0.0,1.23,105.0,53.2,0,16,184
-644.0,0.0281,322.0,8.87e-05,3.68,326.0,325.0,0.17,32.7,0.765,17.2,29.7,0.00727,-5.97,-643.0,6.25,0.169,42.1,-20.0,1,2.08,-181.0,0.884,103.0,53.4,0,16,185
-639.0,0.0353,322.0,4.68e-06,1.23,326.0,325.0,0.163,32.3,2.23,21.3,29.7,0.00668,-10.1,-638.0,-6.25,0.175,-14.4,-20.0,1,0.0,12.5,0.908,102.0,53.4,0,16,186
-633.0,0.0291,323.0,0.0,1.28,327.0,325.0,0.185,34.0,1.67,19.4,29.7,0.00817,-7.21,-633.0,-56.3,0.196,11.1,-20.3,1,0.1,56.3,1.03,100.0,53.3,0,16,187
-628.0,0.126,322.0,0.00538,32.9,326.0,326.0,0.0255,0.899,-8.84,25.1,29.7,2.12e-06,0.439,-627.0,56.3,0.192,4.63,0.175,1,-20.2,-68.7,1.0,99.8,53.3,0,16,188
-623.0,0.145,323.0,0.00623,33.0,326.0,325.0,0.0212,1.04,-8.74,23.3,29.7,-2.39e-06,0.569,-622.0,-12.5,0.199,-28.3,-0.025,1,-20.0,-37.5,1.03,99.8,53.3,0,16,189
-617.0,0.104,323.0,0.00185,18.8,326.0,325.0,0.137,29.8,-5.01,18.5,29.7,0.00509,9.19,-617.0,75.0,0.191,5.63,18.5,1,-8.3,-138.0,1.0,101.0,53.3,0,16,190
-612.0,0.136,322.0,0.00456,26.2,326.0,325.0,0.107,20.9,-7.0,23.7,29.7,0.00278,5.85,-611.0,12.5,0.184,-41.8,12.4,1,-15.8,6.25,0.967,102.0,53.3,0,16,191
-388.0,0.15,314.0,0.00581,28.9,326.0,325.0,0.134,19.0,-8.66,17.7,29.7,0.00234,7.36,-387.0,156.0,0.175,75.2,8.1,1,-18.1,-12.5,0.929,72.6,53.5,0,16,192
-382.0,0.081,316.0,0.00123,14.2,326.0,324.0,0.167,29.4,-3.96,28.9,29.7,0.00643,11.5,-382.0,169.0,0.199,-35.8,18.7,1,-7.38,150.0,1.05,74.0,53.3,0,16,193
-377.0,0.0349,322.0,-1.45e-05,5.68,326.0,324.0,0.184,35.4,-1.35,29.8,29.7,0.00779,9.78,-376.0,-12.5,0.22,-7.31,20.0,1,-0.075,-31.3,1.15,75.5,53.3,0,16,194
-372.0,0.0511,315.0,1.56e-05,1.63,327.0,325.0,0.216,13.1,-2.79,18.8,29.7,0.00157,12.4,-371.0,687.0,0.177,34.4,1.73,1,0.025,0.0,0.917,76.9,53.4,0,16,195
-366.0,0.0353,322.0,-1.42e-05,5.08,327.0,325.0,0.0195,1.64,-1.7,17.4,29.7,-6.26e-06,1.54,-366.0,-50.0,0.199,50.4,-0.125,1,-0.05,-25.0,1.04,77.8,53.4,0,16,196
-361.0,0.0335,318.0,-2.79e-05,4.15,325.0,324.0,0.0239,2.53,-2.24,25.4,33.0,1.67e-06,2.0,-360.0,-12.5,0.261,20.6,0.0,1,-0.075,-25.0,1.35,77.8,53.5,0,16,197
-356.0,0.0543,315.0,2.54e-05,1.95,325.0,324.0,0.0267,1.29,-2.2,22.0,37.8,1.23e-06,1.39,-355.0,6.25,0.186,16.6,0.025,1,0.0,-6.25,0.966,77.8,53.4,0,16,198
-350.0,0.0522,316.0,3.97e-05,1.56,325.0,324.0,0.0238,1.59,-2.79,27.5,42.8,2.03e-06,0.38,-350.0,6.25,0.221,-50.3,0.025,1,0.0,-6.25,1.16,77.8,53.2,0,16,199
-345.0,0.0318,322.0,-7.97e-06,5.27,326.0,324.0,0.0219,1.48,-1.9,19.6,48.0,2.71e-06,0.847,-344.0,-12.5,0.159,-57.1,-0.025,1,-0.025,-6.25,0.83,77.8,53.4,0,16,200
-340.0,0.0445,318.0,1.35e-05,3.72,326.0,325.0,0.0199,0.322,-0.851,16.8,52.8,-4.47e-06,1.76,-339.0,-75.0,0.154,-4.81,-0.1,1,-0.05,-37.5,0.801,77.8,53.4,0,16,201
-713.0,0.0329,321.0,8.58e-06,2.72,327.0,324.0,0.147,32.4,-0.351,18.9,29.7,0.00618,6.48,-713.0,18.8,0.19,18.6,20.1,1,-0.125,-50.0,0.993,102.0,53.4,0,16,202
-708.0,0.112,320.0,0.00127,14.3,326.0,324.0,0.165,33.4,5.36,26.1,29.7,0.00676,5.91,-707.0,119.0,0.186,7.19,19.7,1,5.03,181.0,0.975,103.0,53.3,0,16,203
-703.0,0.153,321.0,0.00554,29.2,326.0,325.0,0.0631,18.4,8.69,24.1,29.7,0.00124,2.82,-702.0,6.25,0.202,-25.6,11.2,1,16.7,37.5,1.05,105.0,53.3,0,16,204
-697.0,0.33,322.0,0.00437,26.0,327.0,326.0,0.0189,4.55,27.1,19.6,29.7,6.66e-07,1.0,-697.0,6.25,0.181,13.6,-0.05,1,6.03,1280.0,0.948,105.0,53.3,0,16,205
-692.0,0.136,321.0,0.00581,33.1,326.0,325.0,0.0205,1.71,6.79,22.0,29.7,0.0,-0.178,-691.0,-31.3,0.186,-39.1,-0.075,1,20.2,31.3,0.969,105.0,53.3,0,16,206
-687.0,0.142,322.0,0.00606,33.3,326.0,325.0,0.0198,1.58,6.39,16.5,29.7,0.0,-0.726,-686.0,-25.0,0.142,76.6,-0.05,1,19.9,-50.0,0.754,105.0,53.5,0,16,207
-681.0,0.112,322.0,0.00473,32.7,326.0,325.0,0.0192,1.39,5.78,27.4,29.7,0.0,-1.23,-681.0,-6.25,0.204,7.94,-0.025,1,20.0,-25.0,1.06,105.0,53.2,0,16,208
-676.0,0.109,321.0,0.00458,31.5,326.0,325.0,0.0247,0.516,7.76,19.6,29.7,-2.05e-06,-1.27,-675.0,-43.8,0.203,-23.5,-0.1,1,20.0,0.0,1.05,105.0,53.3,0,16,209
-671.0,0.137,322.0,0.00563,32.6,326.0,325.0,0.0217,1.61,8.47,16.9,29.7,2.76e-06,-0.978,-670.0,-25.0,0.148,52.3,-0.025,1,20.0,12.5,0.772,105.0,53.5,0,16,210
-665.0,0.135,322.0,0.00573,32.8,326.0,325.0,0.0198,2.21,6.79,27.0,29.7,0.0,-0.889,-665.0,-6.25,0.228,-71.8,-0.025,1,20.3,81.2,1.19,105.0,53.2,0,16,211
-273.0,2.78e-19,330.0,0.0,0.0,330.0,329.0,2.78e-19,0.0,0.819,0.653,119.0,-1.84e-06,-0.265,-273.0,0.0,3.52e-06,-0.188,0.0,1,0.0,0.0,2.77e-19,158.0,-0.00075,0,16,212
-273.0,2.78e-19,330.0,0.0,0.0,330.0,329.0,2.78e-19,0.0,-1.26,0.476,119.0,2.26e-06,-1.21,-273.0,0.0,-6.29e-06,0.438,0.0,1,-0.025,-12.5,2.77e-19,158.0,0.0,0,16,213
-273.0,2.78e-19,330.0,-1.83e-06,0.0,330.0,329.0,2.78e-19,0.0,-0.939,-0.0368,119.0,1.29e-06,-0.895,-273.0,-6.25,0.0,-0.625,-0.025,1,0.0,0.0,2.77e-19,158.0,-0.00075,0,16,214
-273.0,2.78e-19,330.0,0.0,0.0,330.0,329.0,2.78e-19,0.0,-1.1,0.706,119.0,3.04e-06,-0.414,-273.0,12.5,0.0,0.0,0.025,1,0.0,0.0,2.77e-19,158.0,0.0,0,16,215
-273.0,2.78e-19,330.0,1.57e-06,0.0,330.0,329.0,2.78e-19,0.0,0.179,-0.0896,119.0,4.2e-06,-1.37,-273.0,0.0,1.33e-06,0.625,0.0,1,0.0,0.0,2.77e-19,158.0,0.00075,0,16,216
-273.0,2.78e-19,330.0,0.0,0.0,330.0,329.0,2.78e-19,0.0,-0.301,1.22,119.0,1.74e-06,-0.736,-273.0,12.5,-7.64e-06,-0.0625,0.025,1,0.0,0.0,2.77e-19,158.0,-0.001,0,16,217
-273.0,2.78e-19,330.0,1.81e-06,0.0,330.0,329.0,2.78e-19,0.0,-0.139,0.476,119.0,-4.66e-06,-0.417,-273.0,0.0,0.0,-0.25,0.0,1,0.0,0.0,2.77e-19,158.0,-0.001,0,16,218
-273.0,2.78e-19,330.0,1.58e-06,0.0,330.0,329.0,2.78e-19,0.0,-0.78,0.246,119.0,-1.52e-06,0.535,-273.0,0.0,-7.18e-06,-0.25,0.0,1,0.0,0.0,2.77e-19,158.0,-0.001,0,16,219
-273.0,2.78e-19,330.0,-1.58e-06,0.0,330.0,329.0,2.78e-19,0.0,-1.26,0.989,119.0,3.66e-06,-0.42,-273.0,0.0,-2.12e-06,-0.25,0.0,1,0.025,6.25,2.77e-19,158.0,-0.001,0,16,220
-273.0,2.78e-19,330.0,2.38e-06,0.0,330.0,329.0,2.78e-19,0.0,-0.62,1.22,119.0,0.0,0.0577,-273.0,12.5,0.0,-0.25,0.025,1,0.0,0.0,2.77e-19,158.0,0.0,0,16,221
-273.0,2.78e-19,330.0,-1.46e-06,0.0,331.0,329.0,2.78e-19,0.0,-1.26,-0.267,119.0,1.62e-06,0.219,-273.0,0.0,0.0,-0.25,0.0,1,0.0,0.0,2.77e-19,158.0,0.0,0,16,222
-273.0,2.78e-19,330.0,2.43e-06,0.0,330.0,329.0,2.78e-19,0.0,-1.1,0.706,119.0,1.98e-06,-2.01,-273.0,0.0,0.0,0.0,0.0,1,0.0,0.0,2.77e-19,158.0,0.0,0,16,223
-273.0,2.78e-19,330.0,-1.22e-06,0.0,331.0,329.0,2.78e-19,0.0,-0.14,0.989,119.0,0.0,-0.898,-273.0,0.0,4.81e-06,-0.375,0.0,1,0.0,0.0,2.77e-19,158.0,-0.00075,0,16,224
-273.0,2.78e-19,330.0,1.65e-06,0.0,331.0,329.0,2.78e-19,0.0,-1.9,-0.0368,119.0,0.0,0.0576,-273.0,0.0,0.0,0.188,0.0,1,0.0,0.0,2.77e-19,158.0,0.0,0,16,225
-273.0,2.78e-19,330.0,7.41e-07,0.0,331.0,329.0,2.78e-19,0.0,-1.1,0.989,119.0,0.0,0.535,-273.0,0.0,3.91e-06,0.188,0.0,1,0.0,0.0,2.77e-19,158.0,0.0,0,16,226
-927.0,0.135,329.0,0.00518,30.3,328.0,326.0,0.209,48.3,-6.26,0.434,49.4,0.0143,-11.5,-927.0,-68.7,0.0,0.25,-32.3,1,-17.9,12.5,2.7e-19,91.1,0.001,0,16,227
-927.0,0.121,329.0,0.00464,29.8,328.0,326.0,0.179,50.8,-6.07,0.566,46.1,0.0122,-10.5,-927.0,-43.8,-3.14e-06,0.0625,-32.5,1,-18.0,18.8,2.7e-19,87.8,-0.00075,0,16,228
-927.0,0.124,329.0,0.00466,28.9,328.0,326.0,0.163,50.7,-7.3,0.486,42.7,0.0112,-7.76,-927.0,25.0,-3.33e-06,-0.687,-32.4,1,-17.9,-12.5,2.7e-19,84.6,-0.00175,0,16,229
-927.0,0.108,329.0,0.004,29.8,328.0,326.0,0.162,47.6,-6.86,0.566,39.4,0.0111,-7.49,-927.0,-56.3,-1.82e-06,-0.25,-32.6,1,-18.0,-56.3,2.7e-19,81.3,0.0,0,16,230
-927.0,0.115,329.0,0.00424,29.3,328.0,326.0,0.173,48.8,-7.26,0.143,36.0,0.0115,-13.0,-927.0,68.7,0.0,0.25,-32.3,1,-18.0,-50.0,2.7e-19,78.1,0.0,0,16,231
-927.0,0.132,329.0,0.00485,28.9,328.0,326.0,0.189,48.8,-7.18,0.486,32.4,0.0129,-9.65,-927.0,43.8,2e-06,0.25,-32.3,1,-17.9,-50.0,2.7e-19,74.6,0.001,0,16,232
-927.0,0.0483,330.0,1.33e-05,1.43,329.0,328.0,0.064,1.6,-1.99,0.434,30.7,0.0,-3.28,-927.0,-12.5,3.45e-06,-0.5,0.25,1,-0.025,-75.0,2.7e-19,73.0,-0.001,0,16,233
-927.0,0.032,330.0,4.91e-06,1.69,330.0,328.0,0.0307,3.0,0.733,-0.41,30.7,5.32e-06,1.5,-927.0,-12.5,-2.07e-07,0.188,-0.025,1,-0.025,-12.5,0.0215,73.0,0.00075,0,16,234
-927.0,0.0201,323.0,5.4e-07,0.284,329.0,328.0,0.0264,0.951,0.337,71.7,30.7,0.0,-0.42,-927.0,0.0,0.0364,134.0,0.0,1,0.025,12.5,3.12,73.0,2.98,0,16,235
-926.0,0.0243,316.0,2.91e-06,2.99,327.0,326.0,0.0185,1.04,0.17,61.9,30.1,-1.46e-06,-0.739,-925.0,0.0,0.146,80.1,0.0,1,0.0,0.0,2.76,73.0,14.1,0,16,236
-273.0,2.78e-19,330.0,0.0,0.0,330.0,329.0,2.78e-19,0.0,-1.42,0.476,119.0,-4.08e-06,-1.21,-273.0,0.0,2.61e-06,0.438,0.0,1,0.0,0.0,2.77e-19,158.0,0.0,0,16,237
-273.0,2.78e-19,330.0,0.0,0.0,330.0,329.0,2.78e-19,0.0,-0.46,0.423,119.0,0.0,-1.21,-273.0,0.0,-2.09e-06,0.5,0.0,1,0.0,0.0,2.77e-19,158.0,0.001,0,16,238
-273.0,2.78e-19,330.0,-9.4e-07,0.0,330.0,329.0,2.78e-19,0.0,-1.74,0.423,119.0,-1.24e-06,-0.256,-273.0,0.0,0.0,0.687,0.0,1,0.0,0.0,2.77e-19,158.0,0.00175,0,16,239
-273.0,2.78e-19,330.0,0.0,0.0,330.0,329.0,2.78e-19,0.0,-0.301,0.759,119.0,-1.8e-06,-0.256,-273.0,0.0,-2.99e-06,-0.75,0.0,1,0.0,0.0,2.77e-19,158.0,-0.001,0,16,240
-273.0,2.78e-19,330.0,0.0,0.0,330.0,329.0,2.78e-19,0.0,-0.62,0.706,119.0,0.0,-0.74,-273.0,0.0,7.29e-06,-0.125,0.0,1,0.0,0.0,2.77e-19,158.0,0.00075,0,16,241
-273.0,2.78e-19,330.0,9.99e-08,0.0,330.0,329.0,2.78e-19,0.0,-0.939,0.989,119.0,0.0,0.219,-273.0,0.0,-3.16e-06,0.0,0.0,1,0.0,0.0,2.77e-19,158.0,0.0,0,16,242
-273.0,2.78e-19,330.0,1.54e-06,0.0,330.0,329.0,2.78e-19,0.0,-0.301,0.423,119.0,-3.2e-06,-1.85,-273.0,0.0,2.26e-06,-0.0625,0.0,1,0.0,0.0,2.77e-19,158.0,0.00075,0,16,243
-273.0,2.78e-19,330.0,0.0,0.0,330.0,329.0,2.78e-19,0.0,0.501,0.476,119.0,1.78e-06,0.219,-273.0,0.0,-6.11e-06,-0.25,0.0,1,0.0,0.0,2.77e-19,158.0,-0.001,0,16,244
-273.0,2.78e-19,330.0,0.0,0.0,330.0,329.0,2.78e-19,0.0,-0.139,1.22,119.0,1.26e-06,-0.737,-273.0,0.0,9.49e-06,0.0625,0.0,1,0.0,0.0,2.77e-19,158.0,0.0,0,16,245
-273.0,2.78e-19,329.0,0.0,0.0,330.0,329.0,2.78e-19,0.0,-1.58,1.22,119.0,0.0,-1.06,-273.0,0.0,0.0,0.188,0.0,1,0.0,0.0,2.77e-19,158.0,0.00075,0,16,246
-273.0,2.78e-19,330.0,0.0,0.0,330.0,329.0,2.78e-19,0.0,-0.46,0.193,119.0,2.04e-06,-0.0974,-273.0,0.0,0.0,0.375,0.0,1,0.0,0.0,2.77e-19,158.0,0.00075,0,16,247
-273.0,2.78e-19,330.0,-1.24e-06,0.0,330.0,329.0,2.78e-19,0.0,0.0199,0.423,119.0,-1.83e-06,-0.581,-273.0,0.0,-1.58e-06,-1.19,0.0,1,-0.025,-12.5,2.77e-19,158.0,-0.003,0,16,248
-273.0,2.78e-19,330.0,1.25e-06,0.0,330.0,329.0,2.78e-19,0.0,0.339,0.989,119.0,0.0,-1.53,-273.0,0.0,2.55e-06,1.56,0.0,1,0.0,0.0,2.77e-19,158.0,0.00325,0,16,249
-273.0,2.78e-19,330.0,-6.37e-07,0.0,330.0,329.0,2.78e-19,0.0,-0.46,0.759,119.0,0.0,-1.38,-273.0,0.0,0.0,0.438,0.0,1,0.0,0.0,2.77e-19,158.0,0.00175,0,16,250
-273.0,2.78e-19,330.0,-9.57e-07,0.0,330.0,329.0,2.78e-19,0.0,0.659,0.759,119.0,-1.72e-06,-0.42,-273.0,0.0,3.57e-06,0.188,0.0,1,0.0,-6.25,2.77e-19,158.0,0.00075,0,16,251
-273.0,2.78e-19,330.0,0.0,0.0,330.0,329.0,2.78e-19,0.0,0.5,-0.32,119.0,1.25e-06,0.0609,-273.0,0.0,-3.4e-06,0.188,0.0,1,-0.025,-6.25,2.77e-19,158.0,0.0,0,16,252
-273.0,2.78e-19,330.0,1.05e-06,0.0,330.0,329.0,2.78e-19,0.0,-1.1,0.706,119.0,0.0,-1.37,-273.0,0.0,-4.98e-06,-0.25,0.0,1,0.0,0.0,2.77e-19,158.0,-0.001,0,16,253
-273.0,2.78e-19,330.0,-2.63e-06,0.0,330.0,329.0,2.78e-19,0.0,-3.34,0.759,119.0,-1.7e-06,-1.69,-273.0,0.0,-1.09e-06,0.0,0.0,1,0.025,6.25,2.77e-19,158.0,0.0,0,16,254
-273.0,2.78e-19,330.0,1.58e-06,0.0,330.0,329.0,2.78e-19,0.0,-1.58,0.759,119.0,-5.37e-06,-1.7,-273.0,0.0,2.85e-06,-0.438,0.0,1,0.0,0.0,2.77e-19,158.0,0.0,0,16,255
-273.0,2.78e-19,330.0,-2.22e-06,0.0,330.0,329.0,2.78e-19,0.0,-0.142,2.58,119.0,-4.13e-06,-0.42,-273.0,0.0,0.0,0.188,0.0,1,0.025,6.25,2.77e-19,158.0,0.00075,0,16,256
-494.0,0.0666,316.0,0.00113,14.8,326.0,324.0,0.153,27.7,2.15,22.3,29.7,0.0058,-9.9,-494.0,-37.5,0.193,23.3,-18.1,1,8.7,-12.5,1.0,90.1,53.4,0,16,257
-489.0,0.036,323.0,0.0,1.11,326.0,324.0,0.238,31.9,1.94,17.2,29.7,0.00964,-11.5,-488.0,-469.0,0.161,15.6,-19.4,1,0.15,81.2,0.849,88.7,53.4,0,16,258
-483.0,0.0269,324.0,-3.33e-06,2.38,327.0,325.0,0.0931,1.27,1.11,23.8,29.7,4.94e-05,1.65,-483.0,-200.0,0.16,-19.8,-1.15,1,0.05,12.5,0.846,87.1,53.3,0,16,259
-478.0,0.0389,317.0,0.0,4.0,326.0,324.0,0.215,33.5,0.548,24.3,29.7,0.00922,-10.3,-478.0,25.0,0.197,-9.62,-19.7,1,-0.075,-43.8,1.02,85.6,53.3,0,16,260
-473.0,0.0328,322.0,-1.29e-05,0.501,326.0,325.0,0.143,34.2,1.66,23.4,29.7,0.00607,-8.16,-472.0,62.5,0.197,21.6,-20.0,1,0.15,75.0,1.02,83.5,53.4,0,16,261
-468.0,0.0461,315.0,1.94e-05,2.02,326.0,324.0,0.149,33.9,2.23,15.1,29.7,0.00616,-9.43,-467.0,131.0,0.166,75.2,-19.9,1,-0.05,-25.0,0.888,81.6,53.5,0,16,262
-462.0,0.0438,317.0,0.0,2.02,327.0,324.0,0.161,33.5,4.45,27.7,29.7,0.00676,-10.5,-462.0,-87.5,0.188,-26.6,-20.0,1,-0.075,-43.8,0.989,79.6,53.3,0,16,263
-457.0,0.0336,322.0,-4.38e-06,1.22,326.0,324.0,0.168,35.4,1.39,30.9,29.7,0.00677,-10.7,-456.0,194.0,0.214,-7.31,-19.5,1,0.1,50.0,1.12,77.5,53.3,0,16,264
-452.0,0.0424,316.0,-5.95e-06,1.88,326.0,324.0,0.164,31.9,2.21,16.9,29.7,0.00695,-9.34,-451.0,156.0,0.179,43.2,-19.9,1,-0.1,-62.5,0.933,76.1,53.4,0,16,265
-446.0,0.0737,319.0,0.000232,7.13,327.0,324.0,0.364,36.2,-4.97,24.9,29.7,0.0148,-22.3,-446.0,-1030.0,0.198,-98.9,-17.7,1,-0.95,-181.0,1.04,74.8,53.2,0,16,266
-927.0,0.128,329.0,0.00488,29.2,329.0,326.0,0.169,50.1,-6.24,0.143,83.1,0.0115,-10.1,-927.0,6.25,1.79e-06,0.5,-32.4,1,-17.7,87.5,2.7e-19,123.0,0.002,0,16,267
-927.0,0.122,329.0,0.00444,30.5,329.0,327.0,0.186,49.7,-8.37,0.566,79.4,0.0126,-11.0,-927.0,100.0,2.13e-06,0.25,-32.1,1,-17.8,-31.3,2.7e-19,120.0,0.001,0,16,268
-927.0,0.11,329.0,0.00404,30.1,328.0,326.0,0.154,47.6,-5.65,0.566,76.3,0.0106,-8.64,-927.0,6.25,-2.21e-06,-0.5,-32.5,1,-18.1,-81.2,2.7e-19,117.0,-0.001,0,16,269
-927.0,0.127,329.0,0.00481,30.4,328.0,326.0,0.165,47.7,-7.79,0.725,73.0,0.011,-12.7,-927.0,100.0,2.24e-06,-0.25,-32.2,1,-18.0,-31.3,2.7e-19,114.0,0.0,0,16,270
-927.0,0.131,329.0,0.00495,28.3,328.0,326.0,0.194,48.9,-8.78,0.434,69.6,0.0129,-13.0,-927.0,56.3,-1.5e-06,1.31,-32.1,1,-17.9,-25.0,2.7e-19,110.0,0.001,0,16,271
-927.0,0.146,329.0,0.00565,32.0,328.0,326.0,0.165,49.7,-6.42,0.354,66.3,0.0113,-8.65,-927.0,-75.0,2.94e-06,-0.75,-32.5,1,-17.7,18.8,2.7e-19,107.0,-0.001,0,16,272
-927.0,0.115,329.0,0.00431,28.2,328.0,326.0,0.188,48.4,-5.85,0.566,62.9,0.013,-10.5,-927.0,6.25,0.0,0.25,-32.3,1,-17.8,50.0,2.7e-19,104.0,0.001,0,16,273
-927.0,0.11,329.0,0.00414,30.5,329.0,326.0,0.183,51.3,-5.38,0.486,59.5,0.0128,-9.02,-927.0,-68.7,-1.66e-06,0.5,-32.5,1,-18.0,-50.0,2.7e-19,101.0,0.001,0,16,274
-927.0,0.0995,329.0,0.00358,31.3,328.0,326.0,0.142,48.9,-5.04,-0.331,56.2,0.00975,-7.82,-927.0,-6.25,0.0,0.875,-32.6,1,-18.0,-18.8,2.7e-19,97.5,0.00275,0,16,275
-927.0,0.144,329.0,0.00541,28.3,328.0,326.0,0.195,48.3,-9.18,0.143,52.8,0.0133,-10.3,-927.0,156.0,0.0,0.0,-32.0,1,-17.8,43.8,2.7e-19,94.3,0.0,0,16,276
-927.0,0.0221,330.0,-1.83e-06,1.73,330.0,328.0,0.0215,1.84,-1.42,0.143,119.0,3.86e-07,0.537,-927.0,-31.3,-3.39e-06,0.562,-0.05,1,0.025,12.5,2.7e-19,158.0,0.0,0,16,277
-927.0,0.0188,329.0,0.0,0.951,330.0,328.0,0.0186,0.376,-0.619,0.354,119.0,-7.77e-07,1.65,-927.0,-25.0,0.0,0.25,-0.05,1,0.0,0.0,2.7e-19,158.0,0.0,0,16,278
-927.0,0.0181,329.0,-1.17e-06,1.77,330.0,328.0,0.0214,1.52,-0.94,0.434,119.0,0.0,0.537,-927.0,-12.5,4.24e-06,-0.25,-0.025,1,0.025,12.5,2.7e-19,158.0,0.0,0,16,279
-927.0,0.019,330.0,6.4e-07,1.42,329.0,328.0,0.0201,3.04,-1.1,0.354,119.0,-3.13e-07,0.0727,-927.0,-12.5,0.0,0.0,-0.025,1,-0.025,-12.5,2.7e-19,158.0,0.0,0,16,280
-927.0,0.0243,330.0,0.0,1.03,330.0,328.0,0.0219,3.05,-0.138,0.514,119.0,-1.96e-06,-0.731,-927.0,-6.25,0.0,0.5,-0.025,1,0.025,6.25,2.7e-19,158.0,0.001,0,16,281
-927.0,0.0216,330.0,0.0,1.29,329.0,328.0,0.0166,2.58,-1.42,0.195,119.0,1.3e-06,0.0727,-927.0,-12.5,1.61e-06,0.5,-0.025,1,-0.025,-12.5,2.7e-19,158.0,0.002,0,16,282
-927.0,0.0247,330.0,0.0,1.19,329.0,328.0,0.0168,0.842,-1.42,0.434,119.0,-3.32e-07,1.0,-927.0,-18.8,0.0,-0.5,-0.025,1,0.025,6.25,2.7e-19,158.0,-0.001,0,16,283
-927.0,0.0204,330.0,-2.01e-06,0.967,329.0,328.0,0.0253,1.56,-0.459,0.223,119.0,0.0,0.537,-927.0,-25.0,1.9e-06,0.25,-0.05,1,0.075,12.5,2.7e-19,158.0,0.0,0,16,284
-927.0,0.0194,329.0,0.0,1.4,329.0,328.0,0.0142,1.68,-1.1,0.143,119.0,0.0,0.363,-927.0,-18.8,-1.04e-06,0.875,-0.05,1,0.025,12.5,2.7e-19,158.0,0.00175,0,16,285
-927.0,0.0224,329.0,0.0,0.927,329.0,328.0,0.0264,1.11,-0.939,-0.0681,119.0,1.39e-06,0.993,-927.0,0.0,-1.94e-06,0.0625,0.025,1,0.0,6.25,2.7e-19,158.0,0.001,0,16,286
-875.0,0.134,320.0,0.00442,25.6,326.0,325.0,0.0713,22.2,7.21,21.8,29.7,0.00182,-5.51,-874.0,156.0,0.16,-2.69,-13.2,1,14.9,-37.5,0.843,75.4,53.3,0,16,287
-870.0,0.13,321.0,0.00531,31.6,326.0,325.0,0.0421,7.57,6.35,21.2,29.7,0.000317,-0.792,-869.0,18.8,0.18,-2.19,-4.35,1,19.5,0.0,0.932,74.5,53.3,0,16,288
-864.0,0.132,321.0,0.0056,32.4,326.0,325.0,0.0607,2.88,6.69,22.3,29.7,9.4e-06,-2.43,-864.0,-68.7,0.171,27.9,-0.15,1,19.9,131.0,0.905,74.5,53.3,0,16,289
-859.0,0.126,319.0,0.00528,32.0,326.0,325.0,0.0589,2.63,8.16,20.2,29.7,9.14e-06,-2.59,-858.0,-62.5,0.195,-2.94,-0.125,1,19.9,-50.0,1.01,74.5,53.3,0,16,290
-854.0,0.128,321.0,0.00536,32.7,326.0,325.0,0.0668,2.68,6.4,12.3,29.7,3.13e-05,-3.55,-853.0,-37.5,0.158,79.4,-0.05,1,19.9,0.0,0.846,74.5,53.6,0,16,291
-848.0,0.126,321.0,0.00536,33.5,326.0,325.0,0.0568,2.21,7.25,25.2,29.7,-8.72e-06,-2.91,-848.0,-68.7,0.19,-24.8,-0.15,1,20.1,25.0,0.999,74.5,53.2,0,16,292
-843.0,0.147,321.0,0.00623,32.1,326.0,325.0,0.137,11.9,7.14,21.9,29.7,0.000975,9.01,-842.0,131.0,0.199,-27.0,3.3,1,20.1,131.0,1.03,74.5,53.3,0,16,293
-838.0,0.106,322.0,0.00344,25.8,326.0,325.0,0.11,21.9,6.54,16.8,29.7,0.00301,4.98,-837.0,169.0,0.143,59.3,12.9,1,15.8,-25.0,0.752,75.3,53.5,0,16,294
-832.0,0.101,321.0,0.0017,17.0,326.0,324.0,0.123,30.7,3.47,30.3,29.7,0.00471,5.38,-832.0,113.0,0.228,-96.1,18.6,1,7.93,43.8,1.21,76.9,53.1,0,16,295
-827.0,0.0404,321.0,1.75e-05,2.46,327.0,326.0,0.153,13.8,1.26,14.2,29.7,0.00119,10.7,-826.0,175.0,0.167,33.1,2.0,1,0.15,87.5,0.877,78.4,53.5,0,16,296
-273.0,2.78e-19,330.0,-1.83e-06,0.0,330.0,329.0,2.78e-19,0.0,-0.301,0.989,119.0,-1.93e-06,-0.74,-273.0,0.0,0.0,0.0,0.0,1,0.0,0.0,2.77e-19,158.0,0.0,0,16,297
-273.0,2.78e-19,330.0,-1.69e-06,0.0,330.0,329.0,2.78e-19,0.0,0.179,0.989,119.0,-1.73e-06,-0.898,-273.0,0.0,-2.36e-06,-0.25,0.0,1,0.0,0.0,2.77e-19,158.0,0.0,0,16,298
-273.0,2.78e-19,330.0,1.9e-06,0.0,330.0,329.0,2.78e-19,0.0,-1.26,-0.0368,119.0,2.23e-06,-0.894,-273.0,0.0,-9.38e-06,0.25,0.0,1,0.0,0.0,2.77e-19,158.0,0.0,0,16,299
-273.0,2.78e-19,330.0,-2.31e-06,0.0,330.0,329.0,2.78e-19,0.0,-2.7,0.759,119.0,0.0,-0.898,-273.0,0.0,-7.68e-06,-0.5,0.0,1,-0.025,-12.5,2.77e-19,158.0,-0.002,0,16,300
-273.0,2.78e-19,330.0,0.0,0.0,330.0,329.0,2.78e-19,0.0,-1.9,1.22,119.0,0.0,0.219,-273.0,0.0,-3.5e-06,0.687,0.0,1,0.0,0.0,2.77e-19,158.0,0.001,0,16,301
-273.0,2.78e-19,330.0,1.77e-06,0.0,330.0,329.0,2.78e-19,0.0,-0.3,-2.73,119.0,-1.72e-06,-0.894,-273.0,0.0,-7.9e-06,-1.06,0.0,1,0.0,0.0,2.77e-19,158.0,-0.00325,0,16,302
-273.0,2.78e-19,330.0,-1.98e-06,0.0,330.0,329.0,2.78e-19,0.0,-1.1,0.989,119.0,5.98e-06,-0.417,-273.0,0.0,3.43e-06,0.438,0.0,1,0.0,0.0,2.77e-19,158.0,0.00175,0,16,303
-273.0,2.78e-19,330.0,0.0,0.0,330.0,329.0,2.78e-19,0.0,-0.618,0.193,119.0,1.82e-06,0.0575,-273.0,0.0,5.48e-06,0.438,0.0,1,0.0,0.0,2.77e-19,158.0,0.00175,0,16,304
-273.0,2.78e-19,330.0,0.0,0.0,330.0,329.0,2.78e-19,0.0,-1.9,0.423,119.0,-3.23e-06,-0.101,-273.0,0.0,-2.59e-06,-0.375,0.0,1,0.0,0.0,2.77e-19,158.0,-0.00075,0,16,305
-273.0,2.78e-19,330.0,4.08e-06,0.0,330.0,329.0,2.78e-19,0.0,-0.78,0.246,119.0,-1.79e-06,-0.417,-273.0,0.0,7.71e-06,1.0,0.0,1,0.0,0.0,2.77e-19,158.0,0.003,0,16,306
-273.0,2.78e-19,330.0,0.0,0.0,330.0,329.0,2.78e-19,0.0,-0.459,0.476,119.0,1.28e-06,0.219,-273.0,0.0,-6.76e-06,-0.625,0.0,1,0.0,0.0,2.77e-19,158.0,-0.00175,0,16,307
-273.0,2.78e-19,330.0,0.0,0.0,330.0,329.0,2.78e-19,0.0,0.0189,0.936,119.0,0.0,-0.898,-273.0,0.0,7.92e-06,0.438,0.0,1,0.0,0.0,2.77e-19,158.0,0.00175,0,16,308
-273.0,2.78e-19,330.0,1.1e-06,0.0,330.0,329.0,2.78e-19,0.0,-0.301,0.476,119.0,1.79e-06,-0.575,-273.0,0.0,3.03e-06,-0.438,0.0,1,0.0,0.0,2.77e-19,158.0,-0.00175,0,16,309
-273.0,2.78e-19,330.0,-1.1e-06,0.0,330.0,329.0,2.78e-19,0.0,0.0188,0.936,119.0,7.93e-07,3.25,-273.0,0.0,8.66e-06,0.375,0.0,1,0.0,0.0,2.77e-19,158.0,0.00075,0,16,310
-273.0,2.78e-19,330.0,6.21e-07,0.0,330.0,329.0,2.78e-19,0.0,-0.78,0.936,119.0,1.73e-06,-0.256,-273.0,0.0,3.18e-06,0.438,0.0,1,0.0,0.0,2.77e-19,158.0,0.0,0,16,311
-273.0,2.78e-19,330.0,0.0,0.0,330.0,329.0,2.78e-19,0.0,0.498,1.22,119.0,0.0,-0.737,-273.0,0.0,-2.93e-06,-0.375,0.0,1,0.0,0.0,2.77e-19,158.0,-0.00075,0,16,312
-273.0,2.78e-19,330.0,3.21e-06,0.0,330.0,329.0,2.78e-19,0.0,-1.42,0.989,119.0,3.05e-06,0.697,-273.0,0.0,1.82e-06,0.687,0.0,1,0.0,0.0,2.77e-19,158.0,0.001,0,16,313
-273.0,2.78e-19,330.0,9.04e-07,0.0,330.0,329.0,2.78e-19,0.0,0.979,0.989,119.0,0.0,-0.734,-273.0,0.0,-2.89e-06,-0.375,0.0,1,0.0,0.0,2.77e-19,158.0,-0.00175,0,16,314
-273.0,2.78e-19,330.0,-4.86e-07,0.0,330.0,329.0,2.78e-19,0.0,0.5,0.706,119.0,2.73e-06,-1.38,-273.0,0.0,3.68e-06,-0.188,0.0,1,0.0,0.0,2.77e-19,158.0,0.0,0,16,315
-273.0,2.78e-19,330.0,0.0,0.0,330.0,329.0,2.78e-19,0.0,-0.46,0.476,119.0,-1.64e-06,-1.06,-273.0,0.0,-2.53e-06,0.5,0.0,1,0.0,0.0,2.77e-19,158.0,0.001,0,16,316
-927.0,0.0168,329.0,1.15e-06,1.99,329.0,328.0,0.0146,1.55,0.98,0.514,119.0,0.0,-0.421,-927.0,12.5,0.0,0.5,0.025,1,-0.025,-6.25,2.7e-19,158.0,0.001,0,16,317
-927.0,0.0214,329.0,8.75e-07,2.22,330.0,328.0,0.0251,2.56,-1.9,0.0916,119.0,5.05e-07,-0.731,-927.0,0.0,-6.02e-06,-0.25,0.0,1,0.0,12.5,2.7e-19,158.0,-0.001,0,16,318
-927.0,0.0265,330.0,0.0,1.33,330.0,329.0,0.0154,0.732,-0.939,0.697,119.0,3.02e-07,0.373,-927.0,12.5,0.0,0.0,0.025,1,0.0,6.25,2.7e-19,158.0,0.0,0,16,319
-927.0,0.0178,330.0,0.0,1.82,330.0,329.0,0.0178,2.12,-0.14,0.908,119.0,-3.9e-07,-0.412,-927.0,6.25,1.61e-06,0.25,0.0,1,0.0,12.5,2.7e-19,158.0,0.0,0,16,320
-927.0,0.0196,330.0,0.0,1.61,330.0,328.0,0.0188,3.65,-0.62,3.12,119.0,0.0,-1.2,-927.0,6.25,-2.21e-06,-0.687,0.025,1,0.0,0.0,2.7e-19,158.0,-0.001,0,16,321
-927.0,0.0212,330.0,-1.5e-06,3.08,330.0,328.0,0.0301,1.21,-2.22,0.0916,119.0,-1.5e-06,0.0629,-927.0,0.0,0.0,0.5,-0.025,1,-0.025,-12.5,2.7e-19,158.0,0.001,0,16,322
-927.0,0.0281,330.0,-1.31e-06,0.527,330.0,328.0,0.0219,0.166,0.0204,0.303,119.0,1.33e-07,0.848,-927.0,18.8,-1.86e-06,-1.31,0.025,1,0.0,6.25,2.7e-19,158.0,-0.00325,0,16,323
-927.0,0.0202,330.0,-3.3e-06,2.03,330.0,328.0,0.0161,4.79,-0.62,0.434,119.0,0.0,-1.52,-927.0,-12.5,-1.76e-06,0.25,-0.025,1,-0.05,-18.8,2.7e-19,158.0,0.0,0,16,324
-927.0,0.0241,330.0,1.4e-06,2.27,330.0,329.0,0.0172,1.2,1.3,0.434,119.0,7.81e-07,-0.102,-927.0,12.5,-4.22e-06,-0.75,0.025,1,0.0,0.0,2.7e-19,158.0,-0.001,0,16,325
-927.0,0.0246,330.0,1.58e-06,0.837,329.0,328.0,0.0143,0.987,0.499,0.486,119.0,2.03e-06,0.209,-927.0,18.8,-2.11e-06,0.25,0.025,1,-0.05,-12.5,2.7e-19,158.0,0.001,0,16,326
-927.0,0.0194,330.0,0.0,1.08,330.0,328.0,0.0139,2.11,-1.1,0.645,119.0,1.6e-07,0.0531,-927.0,-12.5,4.07e-06,0.5,-0.025,1,0.0,-6.25,2.7e-19,158.0,0.0,0,16,327
-924.0,0.15,310.0,0.00631,32.1,325.0,324.0,0.018,1.09,-9.13,61.8,29.7,0.0,0.06,-923.0,0.0,0.236,82.4,0.0,1,-19.8,-18.8,2.64,73.0,24.2,0,16,328
-921.0,0.129,307.0,0.00547,32.0,323.0,323.0,0.0176,1.44,-5.69,69.5,29.7,-1.64e-06,-0.739,-921.0,6.25,0.348,118.0,0.025,1,-20.1,-25.0,2.85,73.0,33.4,0,16,329
-917.0,0.0768,303.0,-0.000655,6.5,324.0,322.0,0.0196,1.6,0.381,68.3,29.7,1.26e-06,-0.0994,-917.0,-12.5,0.5,116.0,-0.05,1,-7.38,987.0,3.16,73.0,43.3,0,16,330
-912.0,0.13,302.0,0.00508,31.2,322.0,321.0,0.115,13.8,-7.39,71.1,29.7,0.00142,7.04,-912.0,75.0,0.569,63.2,5.72,1,-19.3,-62.5,2.94,73.2,53.3,0,16,331
-907.0,0.101,317.0,0.00308,25.0,326.0,324.0,0.18,25.9,-5.32,17.4,29.7,0.00489,10.7,-906.0,-12.5,0.183,31.6,12.6,1,-14.9,106.0,0.965,74.2,53.4,0,16,332
-902.0,0.0697,319.0,0.0011,15.7,326.0,324.0,0.167,29.4,-4.68,19.3,29.7,0.00628,11.8,-901.0,-106.0,0.147,31.6,17.9,1,-8.32,144.0,0.777,75.8,53.4,0,16,333
-896.0,0.0674,320.0,7.06e-05,2.24,326.0,325.0,0.101,5.95,-4.27,29.9,29.7,-0.0018,-3.79,-896.0,-1220.0,0.213,-32.1,11.1,1,-0.325,-18.8,1.11,77.7,53.2,0,16,334
-891.0,0.13,319.0,0.00522,31.4,326.0,325.0,0.0172,1.36,6.65,16.9,29.7,-2.91e-06,0.00683,-890.0,12.5,0.157,65.2,0.0,1,19.7,0.0,0.822,77.9,53.5,0,16,335
-886.0,0.133,319.0,0.00556,33.2,326.0,325.0,0.0242,2.72,7.65,20.3,29.7,0.0,-1.35,-885.0,6.25,0.204,-37.3,0.025,1,19.8,-68.7,1.06,77.9,53.3,0,16,336
-880.0,0.117,321.0,0.00181,14.1,326.0,324.0,0.119,28.8,7.67,22.6,29.7,0.00451,-5.1,-880.0,-238.0,0.211,-30.1,-19.4,1,7.2,175.0,1.11,77.0,53.3,0,16,337
-273.0,2.78e-19,330.0,1.88e-06,0.0,330.0,329.0,2.78e-19,0.0,-0.46,1.22,119.0,3.56e-06,-0.901,-273.0,-6.25,3.04e-06,-0.375,-0.025,1,0.0,0.0,2.77e-19,158.0,-0.00075,0,16,338
-273.0,2.78e-19,330.0,-1.65e-06,0.0,330.0,329.0,2.78e-19,0.0,0.0199,0.706,119.0,1.87e-06,-1.21,-273.0,0.0,0.0,-0.25,0.0,1,0.0,0.0,2.77e-19,158.0,0.0,0,16,339
-273.0,2.78e-19,330.0,-4.55e-06,0.0,330.0,329.0,2.78e-19,0.0,-1.58,0.423,119.0,2.16e-06,-0.582,-273.0,6.25,-4.14e-06,0.438,0.0,1,0.0,0.0,2.77e-19,158.0,0.0,0,16,340
-273.0,2.78e-19,330.0,-1.27e-06,0.0,330.0,329.0,2.78e-19,0.0,-0.619,0.706,119.0,0.0,-1.06,-273.0,0.0,9.94e-06,0.0625,0.0,1,0.0,0.0,2.77e-19,158.0,0.001,0,16,341
-273.0,2.78e-19,330.0,0.0,0.0,330.0,329.0,2.78e-19,0.0,0.659,0.759,119.0,3.94e-06,-0.578,-273.0,0.0,-7.04e-06,0.0,0.0,1,0.0,0.0,2.77e-19,158.0,-0.001,0,16,342
-273.0,2.78e-19,330.0,0.0,0.0,330.0,329.0,2.78e-19,0.0,0.499,0.989,119.0,0.0,-0.262,-273.0,6.25,3.21e-06,0.687,0.025,1,0.0,0.0,2.77e-19,158.0,0.00175,0,16,343
-273.0,2.78e-19,330.0,5.78e-06,0.0,330.0,329.0,2.78e-19,0.0,-2.06,0.706,119.0,0.0,-0.578,-273.0,0.0,0.0,0.937,0.0,1,0.0,0.0,2.77e-19,158.0,0.001,0,16,344
-273.0,2.78e-19,330.0,1.04e-06,0.0,330.0,329.0,2.78e-19,0.0,-1.58,0.936,119.0,-2.08e-06,-0.733,-273.0,-12.5,-5.89e-06,-1.44,-0.025,1,0.0,0.0,2.77e-19,158.0,-0.004,0,16,345
-273.0,2.78e-19,330.0,2.16e-06,0.0,330.0,329.0,2.78e-19,0.0,-0.939,0.193,119.0,2.44e-06,-0.578,-273.0,0.0,4.31e-06,0.0,0.0,1,0.0,0.0,2.77e-19,158.0,0.0,0,16,346
-273.0,2.78e-19,330.0,-1.6e-06,0.0,330.0,329.0,2.78e-19,0.0,-3.02,0.423,119.0,-2.26e-06,0.0543,-273.0,0.0,0.0,0.0,0.0,1,0.0,0.0,2.77e-19,158.0,0.0,0,16,347
-273.0,2.78e-19,330.0,1.45e-06,0.0,330.0,329.0,2.78e-19,0.0,-0.779,0.193,119.0,0.0,0.0576,-273.0,0.0,-1.9e-06,-0.125,0.0,1,0.0,0.0,2.77e-19,158.0,-0.00175,0,16,348
-273.0,2.78e-19,330.0,-1.67e-06,0.0,330.0,329.0,2.78e-19,0.0,-0.301,1.22,119.0,-2.18e-06,-0.101,-273.0,0.0,-2.43e-06,0.188,0.0,1,0.025,6.25,2.77e-19,158.0,-0.001,0,16,349
-273.0,2.78e-19,330.0,0.0,0.0,330.0,329.0,2.78e-19,0.0,-0.141,0.476,119.0,2.24e-06,0.219,-273.0,0.0,0.0,0.25,0.0,1,0.0,0.0,2.77e-19,158.0,0.001,0,16,350
-273.0,2.78e-19,330.0,2.06e-06,0.0,330.0,329.0,2.78e-19,0.0,0.179,0.423,119.0,0.0,0.061,-273.0,0.0,-1.99e-06,0.0,0.0,1,0.0,0.0,2.77e-19,158.0,0.0,0,16,351
-273.0,2.78e-19,330.0,-2.14e-06,0.0,330.0,329.0,2.78e-19,0.0,-0.46,0.476,119.0,-5.36e-06,1.34,-273.0,0.0,-6.26e-06,-0.25,0.0,1,0.0,0.0,2.77e-19,158.0,-0.001,0,16,352
-273.0,2.78e-19,330.0,0.0,0.0,330.0,329.0,2.78e-19,0.0,-0.46,0.706,119.0,0.0,-0.101,-273.0,0.0,2.4e-06,1.0,0.0,1,0.0,6.25,2.77e-19,158.0,0.003,0,16,353
-273.0,2.78e-19,330.0,-1.6e-06,0.0,330.0,329.0,2.78e-19,0.0,0.179,0.989,119.0,0.0,-0.733,-273.0,0.0,-2.53e-06,-0.188,0.0,1,0.0,0.0,2.77e-19,158.0,-0.00075,0,16,354
-273.0,2.78e-19,330.0,0.0,0.0,330.0,329.0,2.78e-19,0.0,-1.9,0.989,119.0,0.0,-1.21,-273.0,0.0,1.6e-06,-0.375,0.0,1,0.0,0.0,2.77e-19,158.0,-0.00075,0,16,355
-273.0,2.78e-19,330.0,-1.25e-06,0.0,330.0,329.0,2.78e-19,0.0,1.3,0.423,119.0,-1.39e-06,-1.06,-273.0,0.0,-3.19e-06,0.687,0.0,1,0.0,0.0,2.77e-19,158.0,0.001,0,16,356
-273.0,2.78e-19,330.0,-4.89e-07,0.0,331.0,329.0,2.78e-19,0.0,3.06,0.193,119.0,1.6e-06,-0.417,-273.0,0.0,0.0,0.438,0.0,1,0.0,0.0,2.77e-19,158.0,0.0,0,16,357
-273.0,2.78e-19,330.0,1.87e-06,0.0,331.0,329.0,2.78e-19,0.0,0.499,0.193,119.0,1.86e-06,-1.21,-273.0,0.0,-1.08e-06,-0.5,0.0,1,0.0,0.0,2.77e-19,158.0,-0.001,0,16,358
-273.0,2.78e-19,330.0,0.0,0.0,330.0,329.0,2.78e-19,0.0,-1.26,0.193,119.0,9.18e-07,0.216,-273.0,0.0,7.65e-06,1.19,0.0,1,0.0,0.0,2.77e-19,158.0,0.003,0,16,359
-273.0,2.78e-19,330.0,-2.25e-06,0.0,330.0,329.0,2.78e-19,0.0,0.0199,0.989,119.0,-3.62e-06,-0.737,-273.0,0.0,3.01e-06,-0.188,0.0,1,0.025,6.25,2.77e-19,158.0,0.001,0,16,360
-273.0,2.78e-19,330.0,-1.07e-06,0.0,330.0,329.0,2.78e-19,0.0,-0.62,0.989,119.0,-1.71e-06,-0.259,-273.0,0.0,2.93e-06,0.0,0.0,1,0.0,6.25,2.77e-19,158.0,0.0,0,16,361
-273.0,2.78e-19,330.0,8.81e-07,0.0,330.0,329.0,2.78e-19,0.0,2.26,0.193,119.0,1.33e-06,-0.74,-273.0,0.0,0.0,-0.375,0.0,1,-0.025,-12.5,2.77e-19,158.0,-0.00075,0,16,362
-273.0,2.78e-19,330.0,0.0,0.0,330.0,329.0,2.78e-19,0.0,-0.78,0.759,119.0,0.0,0.219,-273.0,0.0,-5.15e-06,-0.5,0.0,1,0.0,6.25,2.77e-19,158.0,-0.001,0,16,363
-273.0,2.78e-19,330.0,1.48e-06,0.0,330.0,329.0,2.78e-19,0.0,0.0218,0.193,119.0,-5.18e-06,-0.736,-273.0,0.0,0.0,-0.625,0.0,1,0.0,0.0,2.77e-19,158.0,-0.00175,0,16,364
-273.0,2.78e-19,330.0,1.28e-06,0.0,330.0,329.0,2.78e-19,0.0,-0.939,1.22,119.0,0.0,-1.06,-273.0,0.0,0.0,-0.625,0.0,1,0.0,0.0,2.77e-19,158.0,-0.00075,0,16,365
-273.0,2.78e-19,330.0,3.32e-06,0.0,330.0,329.0,2.78e-19,0.0,-0.78,0.706,119.0,0.0,-0.733,-273.0,0.0,9.14e-06,-0.188,0.0,1,0.0,0.0,2.77e-19,158.0,0.001,0,16,366
-273.0,2.78e-19,330.0,-3.63e-06,0.0,330.0,329.0,2.78e-19,0.0,0.179,1.22,119.0,0.0,-0.898,-273.0,-6.25,-3.1e-06,0.687,0.0,1,0.025,6.25,2.77e-19,158.0,0.001,0,16,367
-273.0,2.78e-19,330.0,-1.73e-06,0.0,330.0,329.0,2.78e-19,0.0,-0.14,0.706,119.0,2.19e-06,-0.262,-273.0,-12.5,-4.74e-06,-0.5,-0.025,1,0.0,0.0,2.77e-19,158.0,-0.001,0,16,368
-273.0,2.78e-19,330.0,-1.84e-06,0.0,330.0,329.0,2.78e-19,0.0,-0.619,0.706,119.0,0.0,-0.894,-273.0,0.0,-5.21e-06,-0.0625,0.0,1,0.0,0.0,2.77e-19,158.0,-0.001,0,16,369
-273.0,2.78e-19,330.0,-1.57e-06,0.0,331.0,329.0,2.78e-19,0.0,-0.939,0.936,119.0,-1.85e-06,-0.736,-273.0,6.25,0.0,-0.0625,0.0,1,0.025,6.25,2.77e-19,158.0,0.00075,0,16,370
-273.0,2.78e-19,330.0,2.68e-06,0.0,331.0,329.0,2.78e-19,0.0,-0.299,-0.32,119.0,1.3e-06,-0.895,-273.0,0.0,-2.26e-06,-0.188,0.0,1,0.0,0.0,2.77e-19,158.0,-0.00075,0,16,371
-273.0,2.78e-19,330.0,1.11e-06,0.0,331.0,329.0,2.78e-19,0.0,-1.74,0.989,119.0,0.0,0.862,-273.0,0.0,-3.08e-06,-0.5,0.0,1,-0.025,-12.5,2.77e-19,158.0,-0.001,0,16,372
-273.0,2.78e-19,330.0,0.0,0.0,331.0,329.0,2.78e-19,0.0,0.658,0.476,119.0,-1.21e-06,-0.101,-273.0,6.25,3.52e-06,0.375,0.0,1,0.0,0.0,2.77e-19,158.0,0.00075,0,16,373
-273.0,2.78e-19,330.0,-1.49e-06,0.0,331.0,329.0,2.78e-19,0.0,-0.619,0.706,119.0,0.0,-0.736,-273.0,0.0,7.65e-06,-0.188,0.0,1,0.0,6.25,2.77e-19,158.0,-0.00075,0,16,374
-273.0,2.78e-19,330.0,-3.21e-06,0.0,330.0,329.0,2.78e-19,0.0,0.659,0.476,119.0,1.64e-06,-1.21,-273.0,0.0,3.01e-06,0.188,0.0,1,0.0,6.25,2.77e-19,158.0,0.00075,0,16,375
-273.0,2.78e-19,330.0,-1.55e-06,0.0,330.0,329.0,2.78e-19,0.0,-1.26,2.07,119.0,-1.57e-06,0.219,-273.0,0.0,3.63e-06,0.5,0.0,1,0.0,0.0,2.77e-19,158.0,0.003,0,16,376
-273.0,2.78e-19,330.0,0.0,0.0,331.0,329.0,2.78e-19,0.0,-1.26,0.759,119.0,-1.31e-06,-0.895,-273.0,0.0,-3.62e-06,-0.5,0.0,1,0.0,6.25,2.77e-19,158.0,-0.001,0,16,377
-273.0,2.78e-19,330.0,-1.46e-06,0.0,330.0,329.0,2.78e-19,0.0,-0.618,0.759,119.0,-2.26e-06,-1.54,-273.0,-12.5,6.74e-06,-0.25,-0.025,1,0.0,0.0,2.77e-19,158.0,-0.001,0,16,378
-334.0,0.267,319.0,0.0116,37.1,325.0,325.0,0.183,23.0,16.7,19.4,54.7,0.00421,-9.81,-334.0,-419.0,0.164,11.9,-9.9,1,19.9,950.0,0.852,77.6,53.4,0,16,379
-329.0,0.189,322.0,0.018,65.1,325.0,324.0,0.192,39.0,9.79,17.7,54.7,0.00917,-7.67,-328.0,6.25,0.162,0.313,-22.2,1,44.8,75.0,0.843,75.5,53.4,0,16,380
-324.0,0.0872,318.0,-0.00491,35.4,327.0,325.0,0.0259,19.6,-6.85,20.1,54.7,0.000402,-0.29,-323.0,413.0,0.203,-34.3,-16.9,1,36.7,-981.0,1.05,73.3,53.3,0,16,381
-318.0,0.0205,329.0,1.32e-06,2.42,329.0,328.0,0.017,0.725,0.0534,0.644,54.7,0.0,0.539,-318.0,18.8,0.00177,-85.8,0.025,1,-0.025,6.25,5.4e-09,73.0,51.2,0,16,382
-313.0,0.0186,330.0,2.1e-06,1.8,330.0,328.0,0.0171,1.91,0.368,-0.00208,54.7,1.97e-06,-0.0999,-313.0,6.25,-0.00131,-27.1,0.0,1,0.0,6.25,2.77e-19,73.0,48.2,0,16,383
-309.0,0.0245,329.0,0.0,2.25,330.0,328.0,0.0159,1.39,0.0547,0.0936,54.7,0.0,-0.42,-309.0,0.0,6.27e-05,38.1,0.0,1,0.0,0.0,2.77e-19,73.0,45.2,0,16,384
-304.0,0.0205,330.0,2.35e-06,1.02,330.0,329.0,0.0185,1.0,0.352,0.502,54.7,-5.79e-07,0.379,-304.0,0.0,-0.00296,-21.2,0.0,1,0.0,12.5,2.77e-19,73.0,41.9,0,16,385
-300.0,0.0218,330.0,0.0,0.275,330.0,329.0,0.0185,6.73,1.08,0.405,54.7,-3.16e-07,0.0602,-300.0,6.25,-0.000488,-17.0,0.0,1,0.0,6.25,2.77e-19,73.0,38.8,0,16,386
-297.0,0.0193,330.0,0.0,0.661,330.0,328.0,0.0174,1.44,0.878,-0.0182,54.7,-1.81e-06,-0.419,-297.0,6.25,-0.00246,-59.6,0.0,1,0.025,12.5,2.77e-19,73.0,35.6,0,16,387
-293.0,0.0209,330.0,1.92e-06,0.605,330.0,329.0,0.0147,1.42,0.878,-0.206,54.7,7.2e-07,-0.899,-293.0,6.25,-0.000767,-1.5,0.0,1,0.025,12.5,2.77e-19,73.0,32.8,0,16,388
-273.0,2.78e-19,330.0,-1.72e-06,0.0,330.0,329.0,2.78e-19,0.0,-0.781,-1.12,119.0,1.17e-06,-1.37,-273.0,0.0,-8.93e-07,0.188,0.0,1,0.025,6.25,2.77e-19,158.0,0.0,0,16,389
-273.0,2.78e-19,330.0,-1.11e-06,0.0,330.0,329.0,2.78e-19,0.0,-1.42,0.706,119.0,0.0,0.0643,-273.0,0.0,4.63e-06,-0.188,0.0,1,0.0,0.0,2.77e-19,158.0,0.0,0,16,390
-273.0,2.78e-19,330.0,-1.8e-06,0.0,330.0,329.0,2.78e-19,0.0,-3.5,-0.0896,119.0,-1.04e-06,-1.38,-273.0,12.5,0.0,0.188,0.025,1,0.0,0.0,2.77e-19,158.0,0.0,0,16,391
-273.0,2.78e-19,330.0,0.0,0.0,330.0,329.0,2.78e-19,0.0,0.659,0.759,119.0,0.0,-0.736,-273.0,-6.25,7.01e-06,0.188,-0.025,1,0.0,0.0,2.77e-19,158.0,0.00075,0,16,392
-273.0,2.78e-19,330.0,-1.15e-06,0.0,330.0,329.0,2.78e-19,0.0,-1.1,0.423,119.0,0.0,-1.38,-273.0,-6.25,4.03e-07,0.188,0.0,1,0.0,0.0,2.77e-19,158.0,0.00075,0,16,393
-273.0,2.78e-19,330.0,0.0,0.0,330.0,329.0,2.78e-19,0.0,-0.779,-0.32,119.0,0.0,-0.259,-273.0,0.0,-2.57e-06,0.188,0.0,1,0.0,0.0,2.77e-19,158.0,0.0,0,16,394
-273.0,2.78e-19,330.0,4.73e-06,0.0,330.0,329.0,2.78e-19,0.0,0.0199,0.476,119.0,0.0,-1.22,-273.0,0.0,1.95e-06,0.375,0.0,1,0.0,0.0,2.77e-19,158.0,0.00075,0,16,395
-273.0,2.78e-19,330.0,-1.81e-06,0.0,330.0,329.0,2.78e-19,0.0,-1.1,0.706,119.0,1.73e-06,-0.736,-273.0,-6.25,0.0,0.5,-0.025,1,0.0,0.0,2.77e-19,158.0,0.0,0,16,396
-273.0,2.78e-19,330.0,-1.89e-06,0.0,330.0,329.0,2.78e-19,0.0,-1.26,-0.0368,119.0,0.0,0.694,-273.0,0.0,1.1e-06,0.25,0.0,1,0.025,6.25,2.77e-19,158.0,0.001,0,16,397
-273.0,2.78e-19,330.0,2.06e-06,0.0,330.0,329.0,2.78e-19,0.0,-1.58,0.246,119.0,-2.09e-06,-1.37,-273.0,6.25,0.0,-0.188,0.025,1,0.0,0.0,2.77e-19,158.0,-0.00075,0,16,398
-273.0,0.199,329.0,0.0206,72.5,327.0,326.0,0.188,71.8,12.9,-0.32,119.0,0.0201,9.53,-273.0,-56.3,-2.22e-06,-0.625,50.0,1,49.6,-131.0,2.77e-19,92.6,-0.00175,0,16,399
-273.0,0.193,328.0,0.0204,71.7,327.0,326.0,0.197,72.7,10.8,-0.32,119.0,0.021,8.66,-273.0,-62.5,2.41e-06,0.687,50.0,1,50.0,31.3,2.77e-19,97.6,0.00175,0,16,400
-273.0,0.189,329.0,0.02,72.9,327.0,325.0,0.196,72.1,9.13,1.22,119.0,0.0209,8.96,-273.0,0.0,2.44e-06,0.0,50.1,1,50.1,50.0,2.77e-19,103.0,0.0,0,16,401
-273.0,0.19,329.0,0.0198,74.0,327.0,325.0,0.187,70.5,8.9,0.759,119.0,0.0198,10.1,-273.0,50.0,0.0,-0.875,50.2,1,49.9,6.25,2.77e-19,108.0,-0.00175,0,16,402
-273.0,0.19,328.0,0.0201,71.5,327.0,325.0,0.193,71.2,10.9,0.989,119.0,0.0206,10.1,-273.0,-37.5,0.0,-0.25,50.0,1,49.9,0.0,2.77e-19,113.0,0.0,0,16,403
-273.0,0.177,329.0,0.0187,71.9,327.0,326.0,0.191,70.4,8.65,2.07,119.0,0.0202,10.1,-273.0,-18.8,0.0,-0.625,50.0,1,50.1,43.8,2.77e-19,118.0,-0.00075,0,16,404
-273.0,0.0175,329.0,0.0,2.72,331.0,326.0,0.206,72.6,-1.74,0.706,119.0,0.0221,8.96,-273.0,-93.7,7.67e-06,0.188,49.9,1,-0.325,-37.5,2.77e-19,123.0,0.00175,0,16,405
-273.0,0.0227,329.0,-7.67e-06,2.37,329.0,326.0,0.196,71.8,-0.3,0.706,119.0,0.0208,9.8,-273.0,-68.7,4.27e-06,-0.0625,50.0,1,0.0,0.0,2.77e-19,128.0,0.00075,0,16,406
-273.0,0.0263,329.0,0.0,1.73,329.0,326.0,0.2,75.1,-0.619,0.193,119.0,0.0212,7.46,-273.0,-100.0,3.2e-06,-0.0625,50.0,1,0.0,0.0,2.77e-19,133.0,0.00075,0,16,407
-273.0,0.0284,329.0,-1.93e-06,2.02,329.0,326.0,0.196,71.5,-3.02,0.989,119.0,0.0208,9.52,-273.0,0.0,-6.23e-06,-1.38,50.1,1,0.0,0.0,2.77e-19,138.0,-0.00275,0,16,408
-273.0,2.78e-19,330.0,1.07e-06,0.0,330.0,329.0,2.78e-19,0.0,-0.779,0.989,119.0,2.55e-06,-2.81,-273.0,0.0,0.0,0.0,0.0,1,0.0,0.0,2.77e-19,158.0,0.0,0,16,409
-273.0,2.78e-19,330.0,0.0,0.0,330.0,329.0,2.78e-19,0.0,0.021,1.27,119.0,1.5e-06,-1.21,-273.0,-12.5,3.15e-06,-0.438,-0.025,1,0.0,6.25,2.77e-19,158.0,-0.00175,0,16,410
-273.0,2.78e-19,330.0,3e-06,0.0,330.0,329.0,2.78e-19,0.0,-0.779,1.22,119.0,0.0,-3.13,-273.0,-12.5,3.34e-06,0.0,-0.025,1,0.0,0.0,2.77e-19,158.0,0.001,0,16,411
-273.0,2.78e-19,330.0,1.4e-06,0.0,330.0,329.0,2.78e-19,0.0,-2.22,-0.833,119.0,-4.05e-06,-0.891,-273.0,6.25,7.75e-07,0.188,0.025,1,0.0,0.0,2.77e-19,158.0,0.00075,0,16,412
-273.0,2.78e-19,330.0,1.47e-06,0.0,330.0,329.0,2.78e-19,0.0,-1.1,-2.32,119.0,-2.09e-06,-0.736,-273.0,6.25,0.0,-0.5,0.025,1,0.0,0.0,2.77e-19,158.0,0.0,0,16,413
-273.0,2.78e-19,330.0,2.73e-06,0.0,330.0,329.0,2.78e-19,0.0,-0.78,1.22,119.0,-3.99e-06,-0.895,-273.0,12.5,-3.56e-06,0.188,0.025,1,0.0,0.0,2.77e-19,158.0,0.0,0,16,414
-273.0,2.78e-19,330.0,0.0,0.0,330.0,329.0,2.78e-19,0.0,-0.139,0.193,119.0,0.0,-1.06,-273.0,0.0,2.25e-06,-0.188,0.0,1,0.0,0.0,2.77e-19,158.0,0.0,0,16,415
-273.0,2.78e-19,330.0,1.54e-06,0.0,330.0,329.0,2.78e-19,0.0,1.14,0.989,119.0,0.0,-1.05,-273.0,-6.25,0.0,-0.625,-0.025,1,0.0,6.25,2.77e-19,158.0,-0.00175,0,16,416
-273.0,2.78e-19,330.0,-1.91e-06,0.0,330.0,329.0,2.78e-19,0.0,-1.58,0.989,119.0,-2.28e-06,-1.21,-273.0,6.25,3.19e-06,0.687,0.0,1,0.025,6.25,2.77e-19,158.0,0.00175,0,16,417
-273.0,2.78e-19,330.0,1.85e-06,0.0,330.0,329.0,2.78e-19,0.0,-2.06,-0.0368,119.0,-6.62e-06,-1.06,-273.0,6.25,-2.17e-06,0.438,0.025,1,0.0,6.25,2.77e-19,158.0,0.0,0,16,418
-273.0,2.78e-19,330.0,2.56e-06,0.0,330.0,329.0,2.78e-19,0.0,-0.3,1.5,119.0,1.88e-06,-1.22,-273.0,0.0,4.16e-06,-0.687,0.0,1,0.0,0.0,2.77e-19,158.0,-0.001,0,16,419
-273.0,2.78e-19,330.0,0.0,0.0,330.0,329.0,2.78e-19,0.0,0.659,0.423,119.0,1.37e-06,0.539,-273.0,0.0,-1.71e-06,-0.625,0.0,1,0.0,0.0,2.77e-19,158.0,-0.00075,0,16,420
-273.0,2.78e-19,330.0,1.76e-06,0.0,330.0,329.0,2.78e-19,0.0,-0.78,2.24,119.0,-1.26e-06,0.226,-273.0,0.0,4.22e-06,-0.625,0.0,1,0.0,0.0,2.77e-19,158.0,-0.00075,0,16,421
-273.0,2.78e-19,330.0,0.0,0.0,330.0,329.0,2.78e-19,0.0,0.659,0.476,119.0,1.35e-06,0.226,-273.0,0.0,0.0,0.0,0.0,1,0.0,0.0,2.77e-19,158.0,0.0,0,16,422
-273.0,2.78e-19,330.0,0.0,0.0,330.0,329.0,2.78e-19,0.0,-0.78,0.193,119.0,0.0,-1.05,-273.0,0.0,6.02e-06,-0.375,0.0,1,0.0,0.0,2.77e-19,158.0,-0.00075,0,16,423
-273.0,2.78e-19,330.0,-6.22e-07,0.0,330.0,329.0,2.78e-19,0.0,-0.141,-0.0369,119.0,-4.18e-06,1.02,-273.0,-12.5,-6.25e-06,-1.19,-0.025,1,0.0,6.25,2.77e-19,158.0,-0.003,0,16,424
-273.0,2.78e-19,330.0,-3.37e-06,0.0,330.0,329.0,2.78e-19,0.0,-1.74,0.653,119.0,-1.54e-06,0.0576,-273.0,0.0,8.82e-06,0.0625,0.0,1,0.0,0.0,2.77e-19,158.0,0.001,0,16,425
-273.0,2.78e-19,330.0,0.0,0.0,330.0,329.0,2.78e-19,0.0,0.34,0.759,119.0,2.1e-06,0.061,-273.0,0.0,3.29e-06,0.5,0.0,1,0.025,6.25,2.77e-19,158.0,0.001,0,16,426
-273.0,2.78e-19,330.0,-3.26e-06,0.0,330.0,329.0,2.78e-19,0.0,1.14,0.706,119.0,1.7e-06,0.693,-273.0,0.0,0.0,0.75,0.0,1,0.025,6.25,2.77e-19,158.0,0.001,0,16,427
-273.0,2.78e-19,330.0,2.97e-06,0.0,330.0,329.0,2.78e-19,0.0,-0.62,0.706,119.0,-1.49e-06,0.535,-273.0,0.0,-4.38e-06,0.0,0.0,1,0.0,0.0,2.77e-19,158.0,0.0,0,16,428
-273.0,2.78e-19,330.0,-4.62e-06,0.0,331.0,329.0,2.78e-19,0.0,-1.26,0.476,119.0,-1.48e-06,-1.21,-273.0,0.0,-4.93e-06,-0.25,0.0,1,0.025,6.25,2.77e-19,158.0,0.0,0,16,429
-273.0,2.78e-19,330.0,0.0,0.0,331.0,329.0,2.78e-19,0.0,0.179,0.989,119.0,0.0,-0.894,-273.0,0.0,0.0,0.0,0.0,1,0.0,0.0,2.77e-19,158.0,0.0,0,16,430
-273.0,2.78e-19,330.0,3.42e-06,0.0,331.0,329.0,2.78e-19,0.0,-1.1,0.653,119.0,0.0,-0.417,-273.0,0.0,-4.26e-06,-0.0625,0.0,1,0.0,0.0,2.77e-19,158.0,-0.001,0,16,431
-273.0,2.78e-19,330.0,-3.63e-06,0.0,330.0,329.0,2.78e-19,0.0,-0.939,0.476,119.0,1.96e-06,-0.891,-273.0,0.0,-4.69e-06,0.25,0.0,1,0.0,0.0,2.77e-19,158.0,0.001,0,16,432
-273.0,2.78e-19,330.0,5.12e-06,0.0,330.0,329.0,2.78e-19,0.0,0.34,0.14,119.0,1.87e-06,-0.736,-273.0,0.0,0.0,0.687,0.0,1,0.0,0.0,2.77e-19,158.0,0.001,0,16,433
-273.0,2.78e-19,330.0,-5.87e-06,0.0,330.0,329.0,2.78e-19,0.0,-1.42,0.989,119.0,2.03e-06,-0.259,-273.0,0.0,0.0,-0.5,0.0,1,0.0,0.0,2.77e-19,158.0,0.0,0,16,434
-273.0,2.78e-19,330.0,3.67e-06,0.0,330.0,329.0,2.78e-19,0.0,-0.78,0.193,119.0,2.11e-06,-0.736,-273.0,0.0,3.25e-06,-0.5,0.0,1,0.0,0.0,2.77e-19,158.0,-0.001,0,16,435
-273.0,2.78e-19,330.0,0.0,0.0,330.0,329.0,2.78e-19,0.0,-0.939,1.22,119.0,4.16e-06,-1.22,-273.0,0.0,6.56e-06,0.188,0.0,1,0.0,0.0,2.77e-19,158.0,0.00075,0,16,436
-273.0,2.78e-19,330.0,0.0,0.0,330.0,329.0,2.78e-19,0.0,-0.461,0.476,119.0,4.33e-06,-0.259,-273.0,0.0,1.95e-06,-0.375,0.0,1,0.0,0.0,2.77e-19,158.0,-0.00075,0,16,437
-273.0,2.78e-19,330.0,-2.13e-06,0.0,330.0,329.0,2.78e-19,0.0,-0.46,0.706,119.0,0.0,-0.101,-273.0,0.0,0.0,0.188,0.0,1,0.0,0.0,2.77e-19,158.0,0.00075,0,16,438
-273.0,2.78e-19,329.0,3.51e-06,0.0,330.0,328.0,2.78e-19,0.0,-0.302,0.193,119.0,-2.35e-06,-0.259,-273.0,0.0,-2.73e-06,-0.5,0.0,1,0.0,0.0,2.77e-19,158.0,-0.001,0,16,439
-273.0,2.78e-19,330.0,-1.54e-06,0.0,330.0,328.0,2.78e-19,0.0,0.0199,0.759,119.0,0.0,-1.85,-273.0,0.0,0.0,-0.188,0.0,1,0.025,6.25,2.77e-19,158.0,0.0,0,16,440
-273.0,2.78e-19,330.0,-2.06e-06,0.0,330.0,328.0,2.78e-19,0.0,-2.38,1.22,119.0,-5.38e-06,-3.76,-273.0,0.0,1.02e-05,0.438,0.0,1,0.0,0.0,2.77e-19,158.0,0.00175,0,16,441
-273.0,2.78e-19,330.0,1.03e-06,0.0,330.0,329.0,2.78e-19,0.0,2.1,1.22,119.0,-2.14e-06,-0.74,-273.0,0.0,-3.17e-06,0.5,0.0,1,0.0,0.0,2.77e-19,158.0,0.001,0,16,442
-273.0,2.78e-19,330.0,1.67e-06,0.0,330.0,328.0,2.78e-19,0.0,-1.42,0.989,119.0,0.0,-1.22,-273.0,0.0,-6.1e-06,0.0,0.0,1,0.0,0.0,2.77e-19,158.0,-0.001,0,16,443
-273.0,2.78e-19,329.0,0.0,0.0,330.0,328.0,2.78e-19,0.0,0.979,0.529,119.0,4.07e-06,0.693,-273.0,0.0,6.27e-06,-0.25,0.0,1,0.0,0.0,2.77e-19,158.0,0.0,0,16,444
-273.0,2.78e-19,330.0,2.63e-06,0.0,330.0,328.0,2.78e-19,0.0,-0.619,0.193,119.0,1.45e-06,-0.259,-273.0,0.0,0.0,-0.188,0.0,1,0.0,0.0,2.77e-19,158.0,-0.00075,0,16,445
-273.0,2.78e-19,329.0,0.0,0.0,330.0,328.0,2.78e-19,0.0,-0.78,0.529,119.0,2.45e-06,-1.21,-273.0,0.0,4.28e-07,0.0,0.0,1,0.0,0.0,2.77e-19,158.0,0.0,0,16,446
-273.0,2.78e-19,329.0,-1.91e-06,0.0,330.0,328.0,2.78e-19,0.0,-0.301,-0.0368,119.0,-2.85e-06,-0.0971,-273.0,0.0,3.97e-06,0.5,0.0,1,0.0,0.0,2.77e-19,158.0,0.001,0,16,447
-273.0,2.78e-19,330.0,1.87e-06,0.0,330.0,328.0,2.78e-19,0.0,-0.781,2.07,119.0,0.0,-0.578,-273.0,0.0,-7.92e-06,-0.25,0.0,1,0.0,0.0,2.77e-19,158.0,-0.001,0,16,448
-273.0,2.78e-19,330.0,0.0,0.0,330.0,329.0,2.78e-19,0.0,3.06,0.423,119.0,2.05e-06,-0.101,-273.0,0.0,-3.79e-06,-0.25,0.0,1,-0.025,-6.25,2.77e-19,158.0,0.0,0,16,449
-273.0,2.78e-19,330.0,-1.45e-06,0.0,330.0,329.0,2.78e-19,0.0,0.818,0.936,119.0,1.75e-06,-0.259,-273.0,0.0,0.0,0.5,0.0,1,0.0,6.25,2.77e-19,158.0,0.001,0,16,450
-273.0,2.78e-19,330.0,-2.46e-06,0.0,331.0,329.0,2.78e-19,0.0,0.979,0.706,119.0,1.49e-06,0.061,-273.0,0.0,0.0,-1.0,0.0,1,0.0,0.0,2.77e-19,158.0,-0.003,0,16,451
-273.0,2.78e-19,330.0,0.0,0.0,330.0,329.0,2.78e-19,0.0,0.338,0.529,119.0,1.86e-06,-0.736,-273.0,0.0,2.16e-07,-0.188,0.0,1,0.0,0.0,2.77e-19,158.0,-0.00075,0,16,452
-273.0,2.78e-19,330.0,1.48e-06,0.0,331.0,329.0,2.78e-19,0.0,0.18,0.706,119.0,1.24e-06,0.535,-273.0,0.0,0.0,-0.188,0.0,1,-0.025,-12.5,2.77e-19,158.0,-0.00075,0,16,453
-273.0,2.78e-19,330.0,0.0,0.0,331.0,330.0,2.78e-19,0.0,-1.9,0.193,119.0,-1.1e-06,0.219,-273.0,0.0,6.51e-06,0.875,0.0,1,0.0,6.25,2.77e-19,158.0,0.00175,0,16,454
-273.0,2.78e-19,330.0,-1.46e-06,0.0,330.0,329.0,2.78e-19,0.0,-1.58,-1.91,119.0,-2.51e-06,-1.85,-273.0,0.0,3.74e-06,0.375,0.0,1,0.0,0.0,2.77e-19,158.0,0.00075,0,16,455
-273.0,2.78e-19,330.0,0.0,0.0,330.0,329.0,2.78e-19,0.0,-0.139,0.193,119.0,-4.32e-06,-1.21,-273.0,0.0,-2.11e-06,-0.625,0.0,1,0.0,0.0,2.77e-19,158.0,-0.00175,0,16,456
-273.0,2.78e-19,330.0,0.0,0.0,330.0,329.0,2.78e-19,0.0,-0.14,1.04,119.0,-3.05e-06,-0.101,-273.0,0.0,2.06e-06,1.0,0.0,1,0.0,0.0,2.77e-19,158.0,0.003,0,16,457
-273.0,2.78e-19,330.0,-1.36e-06,0.0,330.0,329.0,2.78e-19,0.0,-0.46,-0.0368,119.0,0.0,-0.417,-273.0,0.0,-1.78e-06,0.438,0.0,1,0.0,0.0,2.77e-19,158.0,0.0,0,16,458
-927.0,0.02,329.0,-1.72e-06,1.22,329.0,328.0,0.0198,0.548,-0.939,-0.753,119.0,0.0,0.373,-927.0,12.5,0.0,0.5,0.025,1,-0.025,-12.5,2.7e-19,158.0,0.001,0,16,459
-927.0,0.0215,329.0,-1.14e-06,1.27,329.0,328.0,0.0137,0.799,-1.42,0.566,119.0,1.47e-07,0.528,-927.0,-6.25,-1.93e-06,-2.06,0.0,1,0.025,18.8,2.7e-19,158.0,-0.00425,0,16,460
-927.0,0.0252,330.0,1.23e-06,0.245,330.0,328.0,0.015,2.24,-0.619,0.434,119.0,0.0,-1.06,-927.0,12.5,-2.04e-06,0.0625,0.025,1,-0.025,-6.25,2.7e-19,158.0,-0.00075,0,16,461
-927.0,0.0193,330.0,-1.53e-06,1.6,329.0,328.0,0.0155,0.725,0.499,0.354,119.0,-1.7e-07,0.0538,-927.0,12.5,0.0,-0.25,0.05,1,-0.025,-12.5,2.7e-19,158.0,0.0,0,16,462
-927.0,0.025,329.0,-5.45e-06,0.749,329.0,328.0,0.0344,11.0,-0.619,0.645,119.0,0.0,-6.77,-927.0,0.0,-1.81e-06,0.25,0.0,1,0.075,25.0,2.7e-19,158.0,0.001,0,16,463
-927.0,0.0186,330.0,0.0,1.91,329.0,329.0,0.0274,2.07,-2.06,0.143,119.0,0.0,-0.412,-927.0,0.0,1.92e-06,0.0,0.0,1,0.025,12.5,2.7e-19,158.0,0.0,0,16,464
-927.0,0.0159,330.0,7.73e-07,0.781,330.0,328.0,0.0164,1.7,-0.3,0.566,119.0,0.0,-0.577,-927.0,18.8,-4.2e-06,-0.25,0.05,1,-0.025,-6.25,2.7e-19,158.0,-0.001,0,16,465
-927.0,0.0159,330.0,0.0,2.14,330.0,328.0,0.0141,2.44,0.659,0.223,119.0,3.58e-07,-0.567,-927.0,6.25,0.0,-0.25,0.025,1,0.05,12.5,2.7e-19,158.0,0.0,0,16,466
-927.0,0.0202,330.0,-2.93e-06,1.34,329.0,328.0,0.016,1.8,-0.14,0.143,119.0,0.0,-0.412,-927.0,12.5,2.19e-06,-0.188,0.025,1,-0.025,-18.8,2.7e-19,158.0,0.001,0,16,467
-927.0,0.0212,329.0,-1.37e-06,3.61,329.0,328.0,0.0218,2.05,2.1,0.566,119.0,3.66e-07,-0.732,-927.0,12.5,2.13e-06,0.25,0.05,1,0.025,6.25,2.7e-19,158.0,0.001,0,16,468
-927.0,0.0186,329.0,1.42e-06,1.32,329.0,328.0,0.024,2.09,0.18,0.143,119.0,-3.99e-07,-0.896,-927.0,25.0,-3.17e-06,-1.25,0.05,1,-0.025,-6.25,2.7e-19,158.0,-0.003,0,16,469
-273.0,2.78e-19,330.0,-1.38e-06,0.0,330.0,329.0,2.78e-19,0.0,0.819,-0.0896,119.0,-1.56e-06,0.0577,-273.0,0.0,5.96e-06,0.375,0.0,1,0.0,0.0,2.77e-19,158.0,0.00075,0,16,470
-273.0,2.78e-19,330.0,2.33e-06,0.0,330.0,329.0,2.78e-19,0.0,-0.78,0.989,119.0,2.78e-06,-0.417,-273.0,0.0,-1.59e-06,-0.625,0.0,1,0.0,0.0,2.77e-19,158.0,-0.00075,0,16,471
-273.0,2.78e-19,330.0,-1.57e-06,0.0,330.0,329.0,2.78e-19,0.0,-0.62,0.423,119.0,-1.99e-06,-1.21,-273.0,0.0,0.0,-0.25,0.0,1,0.025,6.25,2.77e-19,158.0,0.0,0,16,472
-273.0,2.78e-19,330.0,0.0,0.0,330.0,329.0,2.78e-19,0.0,0.818,0.706,119.0,1.81e-06,-0.42,-273.0,0.0,0.0,0.188,0.0,1,0.0,0.0,2.77e-19,158.0,0.00075,0,16,473
-273.0,2.78e-19,330.0,3.81e-06,0.0,330.0,329.0,2.78e-19,0.0,-0.46,0.476,119.0,0.0,1.18,-273.0,0.0,-2.78e-06,-1.25,0.0,1,0.0,6.25,2.77e-19,158.0,-0.002,0,16,474
-273.0,2.78e-19,330.0,1.23e-06,0.0,330.0,329.0,2.78e-19,0.0,-0.459,-0.32,119.0,1.39e-06,-0.417,-273.0,0.0,-3.52e-06,-0.5,0.0,1,0.0,0.0,2.77e-19,158.0,-0.002,0,16,475
-273.0,2.78e-19,330.0,0.0,0.0,330.0,329.0,2.78e-19,0.0,-0.301,0.706,119.0,-1.59e-06,0.377,-273.0,0.0,0.0,-0.5,0.0,1,0.0,0.0,2.77e-19,158.0,-0.001,0,16,476
-273.0,2.78e-19,330.0,-2.23e-06,0.0,330.0,329.0,2.78e-19,0.0,2.74,1.22,119.0,-1.88e-06,-0.901,-273.0,0.0,0.0,-0.625,0.0,1,0.025,6.25,2.77e-19,158.0,-0.00175,0,16,477
-273.0,2.78e-19,330.0,0.0,0.0,330.0,329.0,2.78e-19,0.0,-1.9,0.423,119.0,5.35e-06,-0.575,-273.0,-6.25,3.47e-06,1.0,-0.025,1,0.0,0.0,2.77e-19,158.0,0.002,0,16,478
-273.0,2.78e-19,330.0,0.0,0.0,330.0,329.0,2.78e-19,0.0,-1.42,0.423,119.0,0.0,0.0609,-273.0,0.0,4.27e-06,-0.188,0.0,1,0.0,0.0,2.77e-19,158.0,0.0,0,16,479
-273.0,2.78e-19,330.0,0.0,0.0,330.0,329.0,2.78e-19,0.0,-0.619,0.706,119.0,-1.75e-06,-0.259,-273.0,0.0,4.02e-06,1.25,0.0,1,-0.025,-12.5,2.77e-19,158.0,0.003,0,16,480
-273.0,2.78e-19,330.0,0.0,0.0,330.0,329.0,2.78e-19,0.0,-0.94,0.193,119.0,-4.08e-06,-0.575,-273.0,6.25,3.32e-06,-0.188,0.0,1,0.0,6.25,2.77e-19,158.0,0.0,0,16,481
-273.0,2.78e-19,330.0,-1.66e-06,0.0,330.0,329.0,2.78e-19,0.0,1.3,0.476,119.0,0.0,-0.578,-273.0,0.0,-5.55e-06,0.25,0.0,1,0.0,0.0,2.77e-19,158.0,0.0,0,16,482
-273.0,2.78e-19,330.0,-1.18e-06,0.0,330.0,329.0,2.78e-19,0.0,-0.619,0.989,119.0,-2.29e-06,-1.85,-273.0,0.0,3.31e-06,-0.0625,0.0,1,0.0,0.0,2.77e-19,158.0,0.001,0,16,483
-273.0,2.78e-19,329.0,-1.59e-06,0.0,330.0,329.0,2.78e-19,0.0,-0.939,0.423,119.0,1.83e-06,-0.255,-273.0,0.0,0.0,0.0,0.0,1,0.0,0.0,2.77e-19,158.0,0.0,0,16,484
-273.0,2.78e-19,330.0,1.57e-07,0.0,331.0,329.0,2.78e-19,0.0,0.0199,1.22,119.0,-2.13e-06,0.0576,-273.0,0.0,0.0,1.0,0.0,1,0.0,0.0,2.77e-19,158.0,0.002,0,16,485
-273.0,2.78e-19,330.0,-6.01e-07,0.0,330.0,329.0,2.78e-19,0.0,-1.26,-0.32,119.0,5.65e-06,-0.578,-273.0,0.0,-2.86e-06,0.0,0.0,1,0.0,0.0,2.77e-19,158.0,0.0,0,16,486
-273.0,2.78e-19,330.0,2.93e-06,0.0,330.0,329.0,2.78e-19,0.0,-1.42,-0.0368,119.0,3.34e-06,-1.38,-273.0,0.0,2.56e-06,0.25,0.0,1,0.0,0.0,2.77e-19,158.0,0.001,0,16,487
-273.0,2.78e-19,330.0,-5.2e-06,0.0,330.0,329.0,2.78e-19,0.0,0.179,-0.0896,119.0,-4.47e-06,1.01,-273.0,0.0,5.99e-06,0.5,0.0,1,0.025,6.25,2.77e-19,158.0,0.001,0,16,488
-273.0,2.78e-19,330.0,0.0,0.0,331.0,329.0,2.78e-19,0.0,-0.46,-0.0368,119.0,-1.5e-06,-0.259,-273.0,0.0,2.88e-06,0.0,0.0,1,0.0,0.0,2.77e-19,158.0,0.0,0,16,489
-927.0,0.0208,330.0,1.04e-06,1.41,330.0,329.0,0.015,0.799,-1.1,0.223,119.0,-5.2e-08,0.209,-927.0,18.8,-1.45e-06,0.25,0.05,1,0.025,18.8,2.7e-19,158.0,0.0,0,16,490
-927.0,0.0172,330.0,1.3e-06,0.834,330.0,328.0,0.0161,0.37,-0.14,0.645,119.0,1.55e-07,0.848,-927.0,31.3,0.0,0.0,0.05,1,0.0,0.0,2.7e-19,158.0,-0.001,0,16,491
-927.0,0.019,329.0,0.0,0.838,329.0,328.0,0.0181,2.21,0.0206,0.0118,119.0,3.12e-07,0.362,-927.0,-12.5,1.59e-06,0.5,-0.025,1,0.0,-6.25,2.7e-19,158.0,0.002,0,16,492
-927.0,0.0227,329.0,-1.1e-06,0.7,329.0,328.0,0.0218,0.975,-0.619,0.223,119.0,0.0,0.0538,-927.0,18.8,0.0,0.0,0.025,1,0.0,6.25,2.7e-19,158.0,0.0,0,16,493
-927.0,0.0195,329.0,0.0,1.78,330.0,328.0,0.0157,1.85,1.14,0.566,119.0,-6.1e-07,-0.732,-927.0,18.8,-1.55e-06,0.0,0.025,1,-0.025,-6.25,2.7e-19,158.0,0.0,0,16,494
-927.0,0.0212,329.0,-1.74e-06,2.16,329.0,328.0,0.0224,3.29,-1.42,0.486,119.0,0.0,-0.896,-927.0,0.0,0.0,0.5,0.0,1,0.025,18.8,2.7e-19,158.0,0.001,0,16,495
-927.0,0.022,330.0,8.3e-07,0.763,329.0,329.0,0.014,0.409,-0.3,0.303,119.0,3.95e-07,1.01,-927.0,31.3,0.0,0.0,0.05,1,-0.025,0.0,2.7e-19,158.0,0.0,0,16,496
-927.0,0.023,329.0,-3.69e-06,1.55,329.0,328.0,0.016,1.6,-0.94,0.434,119.0,0.0,-0.266,-927.0,6.25,2.01e-06,1.0,0.0,1,0.05,12.5,2.7e-19,158.0,0.002,0,16,497
-927.0,0.0253,329.0,-1.29e-06,2.62,329.0,328.0,0.0227,1.43,-2.86,0.566,119.0,0.0,1.01,-927.0,-6.25,0.0,0.0,0.0,1,0.05,12.5,2.7e-19,158.0,0.0,0,16,498
-927.0,0.0202,329.0,0.0,2.24,330.0,328.0,0.0153,2.65,1.3,0.514,119.0,8.34e-09,-1.05,-927.0,12.5,-4.23e-06,-0.687,0.025,1,0.0,6.25,2.7e-19,158.0,-0.00175,0,16,499
-927.0,0.0213,329.0,1.6e-06,2.28,329.0,328.0,0.013,0.247,1.14,0.223,119.0,-2.79e-07,0.848,-927.0,18.8,-7.42e-07,0.0,0.025,1,0.025,6.25,2.7e-19,158.0,0.0,0,16,500
-927.0,0.0194,329.0,1.52e-06,0.727,329.0,328.0,0.0171,2.62,-0.939,0.223,119.0,0.0,0.228,-927.0,-12.5,-1.59e-06,-0.25,-0.025,1,-0.05,-18.8,2.7e-19,158.0,-0.001,0,16,501
-927.0,0.0184,329.0,1.08e-06,1.37,329.0,328.0,0.0186,1.15,-1.58,0.354,119.0,1.28e-07,-0.102,-927.0,31.3,-5.81e-06,-0.438,0.05,1,0.025,6.25,2.7e-19,158.0,-0.00175,0,16,502
-927.0,0.0241,329.0,0.0,2.13,330.0,328.0,0.0203,2.84,1.14,0.223,119.0,-3.29e-08,-1.05,-927.0,18.8,-1.46e-06,0.75,0.025,1,0.025,12.5,2.7e-19,158.0,0.001,0,16,503
-927.0,0.0195,330.0,1.9e-06,1.73,329.0,328.0,0.0183,1.58,-1.9,0.223,119.0,-1.06e-07,0.702,-927.0,-12.5,1.82e-06,0.0,-0.025,1,0.05,18.8,2.7e-19,158.0,0.0,0,16,504
-927.0,0.0198,330.0,6.73e-07,1.56,330.0,328.0,0.0271,4.5,0.0201,-0.251,119.0,-1.27e-07,-2.48,-927.0,25.0,1.58e-06,0.25,0.025,1,0.0,12.5,2.7e-19,158.0,0.0,0,16,505
-927.0,0.0229,330.0,1.65e-06,0.61,330.0,329.0,0.014,0.878,-0.619,0.857,119.0,-2.99e-07,0.0535,-927.0,12.5,0.0,-0.5,0.025,1,0.0,6.25,2.7e-19,158.0,-0.001,0,16,506
-927.0,0.0287,330.0,2.38e-06,1.09,330.0,328.0,0.0193,2.57,-0.619,0.645,119.0,0.0,0.548,-927.0,-37.5,-1.97e-06,-0.25,-0.075,1,0.025,6.25,2.7e-19,158.0,-0.001,0,16,507
-927.0,0.0249,330.0,0.0,6.53,330.0,328.0,0.0159,0.555,4.18,0.354,119.0,1.51e-07,1.0,-927.0,37.5,1.61e-06,-0.25,0.05,1,0.025,18.8,2.7e-19,158.0,-0.001,0,16,508
-927.0,0.0217,330.0,-3.3e-06,1.65,330.0,328.0,0.012,0.913,-0.141,0.434,119.0,-1.57e-08,0.373,-927.0,18.8,-1.7e-06,-0.25,0.025,1,0.075,37.5,2.7e-19,158.0,-0.001,0,16,509
-927.0,0.0226,330.0,7.87e-07,1.03,330.0,328.0,0.0163,3.38,-0.939,0.486,119.0,-2.75e-07,-0.411,-927.0,-12.5,-3.88e-06,0.0625,-0.025,1,-0.025,-12.5,2.7e-19,158.0,-0.00075,0,16,510
-767.0,0.128,322.0,0.00531,34.3,326.0,325.0,0.0761,6.13,-7.66,27.3,29.7,-3.53e-05,5.68,-766.0,-50.0,0.203,-27.5,-0.075,1,-19.9,-6.25,1.06,89.5,53.2,0,16,511
-761.0,0.123,321.0,0.00516,33.0,326.0,325.0,0.0752,5.99,-6.86,23.7,29.7,-2.39e-05,5.95,-761.0,-31.3,0.208,-70.9,-0.075,1,-20.1,-50.0,1.08,89.5,53.2,0,16,512
-756.0,0.273,319.0,0.00855,30.6,325.0,325.0,0.134,8.57,-15.7,19.5,29.7,0.000151,7.33,-755.0,113.0,0.197,43.0,0.45,1,-14.2,-1230.0,1.02,89.5,53.3,0,16,513
-751.0,0.111,321.0,0.00334,25.3,326.0,324.0,0.181,26.5,-6.5,22.9,29.7,0.00541,9.2,-750.0,244.0,0.198,-51.7,14.1,1,-14.2,219.0,1.02,90.3,53.3,0,16,514
-745.0,0.0254,322.0,6.1e-06,7.23,326.0,325.0,0.219,4.35,-1.18,17.4,29.7,-0.00471,-10.5,-745.0,-1010.0,0.146,53.8,15.6,1,-0.625,238.0,0.773,92.0,53.5,0,16,515
-740.0,0.036,319.0,9.46e-06,5.64,326.0,324.0,0.215,33.0,1.89,16.9,29.7,0.00926,11.0,-739.0,62.5,0.169,31.4,19.9,1,-0.1,-50.0,0.891,93.4,53.4,0,16,516
-735.0,0.0369,320.0,1.52e-05,2.03,327.0,324.0,0.1,31.6,-0.601,19.8,29.7,0.00407,4.48,-734.0,62.5,0.213,-27.6,20.7,1,0.125,68.7,1.11,94.8,53.3,0,16,517
-729.0,0.0254,321.0,-5.65e-06,5.41,326.0,325.0,0.118,32.7,-1.15,16.8,29.7,0.00488,7.71,-729.0,-37.5,0.16,17.2,20.2,1,0.075,37.5,0.83,96.7,53.4,0,16,518
-724.0,0.0421,320.0,1.54e-05,1.18,327.0,324.0,0.185,30.5,-1.35,16.3,29.7,0.00776,11.4,-723.0,-125.0,0.161,39.9,19.6,1,-0.075,-31.3,0.838,98.8,53.4,0,16,519
-719.0,0.0294,320.0,-2.93e-06,4.43,326.0,324.0,0.117,33.5,-2.34,20.1,29.7,0.00467,4.02,-718.0,50.0,0.174,17.2,20.1,1,0.1,62.5,0.904,101.0,53.4,0,16,520
-273.0,2.78e-19,330.0,-1.37e-06,0.0,330.0,329.0,2.78e-19,0.0,-0.62,0.246,119.0,2.2e-06,-0.895,-273.0,0.0,-6.68e-06,-0.5,0.0,1,0.025,6.25,2.77e-19,158.0,-0.001,0,16,521
-273.0,2.78e-19,330.0,-1.65e-06,0.0,330.0,329.0,2.78e-19,0.0,-0.94,0.476,119.0,1.48e-06,-0.262,-273.0,0.0,-7.84e-06,-0.687,0.0,1,-0.025,-12.5,2.77e-19,158.0,-0.003,0,16,522
-273.0,2.78e-19,330.0,-1.01e-06,0.0,330.0,329.0,2.78e-19,0.0,-0.46,0.423,119.0,4.03e-06,-1.21,-273.0,0.0,2.45e-06,0.25,0.0,1,0.025,6.25,2.77e-19,158.0,0.0,0,16,523
-273.0,2.78e-19,330.0,0.0,0.0,330.0,329.0,2.78e-19,0.0,-1.26,0.706,119.0,-2.06e-06,-0.898,-273.0,0.0,3.25e-06,-0.188,0.0,1,0.0,0.0,2.77e-19,158.0,-0.00075,0,16,524
-273.0,2.78e-19,330.0,0.0,0.0,330.0,329.0,2.78e-19,0.0,-0.14,-0.0368,119.0,1.71e-06,-0.259,-273.0,0.0,-3.8e-06,0.188,0.0,1,0.0,6.25,2.77e-19,158.0,0.0,0,16,525
-273.0,2.78e-19,330.0,1.39e-06,0.0,330.0,329.0,2.78e-19,0.0,-0.62,1.22,119.0,0.0,-1.21,-273.0,0.0,0.0,0.0,0.0,1,0.0,0.0,2.77e-19,158.0,0.0,0,16,526
-273.0,2.78e-19,330.0,-1.65e-06,0.0,330.0,329.0,2.78e-19,0.0,-0.94,0.706,119.0,0.0,-0.262,-273.0,0.0,3.47e-06,0.0,0.0,1,-0.025,-6.25,2.77e-19,158.0,0.0,0,16,527
-273.0,2.78e-19,330.0,0.0,0.0,330.0,329.0,2.78e-19,0.0,-0.78,1.27,119.0,0.0,-1.85,-273.0,0.0,0.0,0.0625,0.0,1,0.0,0.0,2.77e-19,158.0,-0.00075,0,16,528
-273.0,2.78e-19,330.0,8.72e-07,0.0,330.0,329.0,2.78e-19,0.0,0.34,0.706,119.0,3.8e-06,-0.733,-273.0,0.0,4.02e-06,-0.188,0.0,1,0.0,0.0,2.77e-19,158.0,0.0,0,16,529
-273.0,2.78e-19,330.0,0.0,0.0,330.0,329.0,2.78e-19,0.0,0.499,0.423,119.0,3.67e-06,-0.736,-273.0,0.0,2.04e-06,0.5,0.0,1,0.0,-6.25,2.77e-19,158.0,0.001,0,16,530
-273.0,2.78e-19,330.0,9.57e-07,0.0,330.0,329.0,2.78e-19,0.0,2.9,0.476,119.0,0.0,-0.417,-273.0,0.0,2.26e-06,-0.375,0.0,1,0.025,6.25,2.77e-19,158.0,-0.00075,0,16,531
-273.0,2.78e-19,330.0,6.84e-08,0.0,330.0,329.0,2.78e-19,0.0,-0.62,1.73,119.0,2.43e-06,-1.06,-273.0,0.0,-2.62e-06,0.5,0.0,1,0.0,6.25,2.77e-19,158.0,0.001,0,16,532
-273.0,2.78e-19,330.0,0.0,0.0,330.0,329.0,2.78e-19,0.0,-1.42,0.936,119.0,0.0,-0.42,-273.0,0.0,0.0,-0.625,0.0,1,-0.025,-12.5,2.77e-19,158.0,-0.00075,0,16,533
-273.0,2.78e-19,330.0,-3e-06,0.0,330.0,329.0,2.78e-19,0.0,-1.1,-0.32,119.0,4.33e-06,-0.895,-273.0,0.0,0.0,-0.5,0.0,1,0.0,-6.25,2.77e-19,158.0,-0.001,0,16,534
-273.0,2.78e-19,330.0,-1.95e-06,0.0,330.0,329.0,2.78e-19,0.0,0.659,0.936,119.0,0.0,-1.53,-273.0,0.0,-1.77e-06,-0.625,0.0,1,0.0,0.0,2.77e-19,158.0,-0.00175,0,16,535
-273.0,2.78e-19,330.0,-4.41e-06,0.0,330.0,329.0,2.78e-19,0.0,-0.459,1.22,119.0,0.0,-1.21,-273.0,0.0,3.56e-06,0.0,0.0,1,0.025,12.5,2.77e-19,158.0,0.0,0,16,536
-273.0,2.78e-19,330.0,-1.5e-06,0.0,330.0,329.0,2.78e-19,0.0,-0.46,0.936,119.0,0.0,-1.22,-273.0,0.0,2.85e-06,0.188,0.0,1,0.0,6.25,2.77e-19,158.0,0.00075,0,16,537
-273.0,2.78e-19,330.0,1.01e-06,0.0,330.0,329.0,2.78e-19,0.0,2.58,0.193,119.0,-2.09e-06,-2.65,-273.0,0.0,0.0,0.0,0.0,1,0.0,6.25,2.77e-19,158.0,0.0,0,16,538
-273.0,2.78e-19,330.0,3.21e-06,0.0,330.0,329.0,2.78e-19,0.0,-0.78,0.193,119.0,-1.61e-06,0.0577,-273.0,0.0,-6.7e-06,0.5,0.0,1,-0.025,-12.5,2.77e-19,158.0,0.001,0,16,539
-273.0,2.78e-19,330.0,0.0,0.0,330.0,329.0,2.78e-19,0.0,-1.1,0.193,119.0,-2.48e-06,-1.21,-273.0,0.0,6.21e-06,0.438,0.0,1,0.0,0.0,2.77e-19,158.0,0.00175,0,16,540
-273.0,0.0215,329.0,-4.48e-06,0.786,329.0,327.0,0.0255,1.41,-1.26,0.476,119.0,0.0,0.38,-273.0,-12.5,0.0,0.188,-0.025,1,-0.025,-6.25,2.77e-19,158.0,0.0,0,16,541
-273.0,0.0213,328.0,-1.7e-06,1.32,329.0,328.0,0.0135,1.7,-0.619,0.193,119.0,0.0,0.22,-273.0,-25.0,2.69e-06,0.438,-0.05,1,0.0,0.0,2.77e-19,158.0,0.00175,0,16,542
-273.0,0.0278,329.0,4.41e-06,1.67,329.0,328.0,0.0154,0.434,-0.778,0.193,119.0,0.0,1.18,-273.0,-12.5,0.0,-0.5,-0.025,1,0.025,6.25,2.77e-19,158.0,0.0,0,16,543
-273.0,1.43e-06,329.0,-9.79e-07,0.0,329.0,328.0,1.01e-06,0.0,-1.58,0.706,119.0,3.53e-06,-0.259,-273.0,6.25,0.0,-1.0,0.0,1,0.0,6.25,2.77e-19,158.0,-0.001,0,16,544
-273.0,2.78e-19,329.0,3.4e-06,0.0,330.0,328.0,2.78e-19,0.0,-1.1,0.476,119.0,-1.18e-06,-0.42,-273.0,12.5,-4.01e-06,0.438,0.025,1,-0.025,-12.5,2.77e-19,158.0,0.0,0,16,545
-273.0,2.78e-19,330.0,0.0,0.0,330.0,329.0,2.78e-19,0.0,-1.74,0.989,119.0,-1.27e-06,-1.7,-273.0,6.25,7.4e-06,0.438,0.025,1,0.0,0.0,2.77e-19,158.0,0.00175,0,16,546
-273.0,2.78e-19,330.0,-1.05e-06,0.0,330.0,329.0,2.78e-19,0.0,-1.26,0.706,119.0,0.0,-0.737,-273.0,0.0,0.0,0.188,0.0,1,0.0,0.0,2.77e-19,158.0,0.00075,0,16,547
-273.0,2.78e-19,330.0,-6.78e-07,0.0,330.0,329.0,2.78e-19,0.0,-0.3,0.706,119.0,-9.33e-07,-0.262,-273.0,0.0,-3.61e-06,-0.25,0.0,1,-0.025,-12.5,2.77e-19,158.0,-0.001,0,16,548
-273.0,2.78e-19,330.0,1.46e-06,0.0,330.0,329.0,2.78e-19,0.0,-0.78,0.989,119.0,-3.73e-06,-0.576,-273.0,0.0,-2.61e-06,0.188,0.0,1,0.0,0.0,2.77e-19,158.0,0.0,0,16,549
-273.0,2.78e-19,330.0,1.08e-06,0.0,330.0,329.0,2.78e-19,0.0,-0.939,0.476,119.0,1.36e-06,-0.737,-273.0,0.0,3.7e-06,0.0625,0.0,1,0.0,6.25,2.77e-19,158.0,0.001,0,16,550
-273.0,2.78e-19,330.0,-9.44e-07,0.0,330.0,329.0,2.78e-19,0.0,-1.26,0.989,119.0,0.0,-1.53,-273.0,0.0,0.0,0.5,0.0,1,0.025,6.25,2.77e-19,158.0,0.001,0,16,551
-273.0,2.78e-19,330.0,-3.7e-06,0.0,330.0,329.0,2.78e-19,0.0,-0.138,0.193,119.0,-3.28e-06,-0.414,-273.0,6.25,0.0,-0.375,0.025,1,0.025,6.25,2.77e-19,158.0,-0.00075,0,16,552
-273.0,2.78e-19,330.0,-1.69e-06,0.0,330.0,329.0,2.78e-19,0.0,1.46,0.476,119.0,-1.97e-06,-0.736,-273.0,0.0,0.0,0.25,0.0,1,0.0,0.0,2.77e-19,158.0,0.0,0,16,553
-273.0,2.78e-19,330.0,-3.08e-06,0.0,330.0,329.0,2.78e-19,0.0,-1.42,-0.0369,119.0,1.41e-06,-0.417,-273.0,-12.5,-5.04e-06,-1.19,-0.025,1,0.0,0.0,2.77e-19,158.0,-0.003,0,16,554
-273.0,2.78e-19,330.0,1.93e-06,0.0,330.0,329.0,2.78e-19,0.0,0.499,0.476,119.0,0.0,-1.05,-273.0,-6.25,0.0,0.188,-0.025,1,0.0,0.0,2.77e-19,158.0,0.0,0,16,555
-273.0,2.78e-19,330.0,1.46e-06,0.0,330.0,329.0,2.78e-19,0.0,-0.3,0.476,119.0,0.0,-0.262,-273.0,0.0,1.46e-06,0.0,0.0,1,0.0,0.0,2.77e-19,158.0,0.0,0,16,556
-273.0,2.78e-19,330.0,-3.17e-06,0.0,330.0,329.0,2.78e-19,0.0,-1.26,-0.0368,119.0,0.0,-1.06,-273.0,6.25,0.0,0.75,0.0,1,0.0,0.0,2.77e-19,158.0,0.002,0,16,557
-273.0,2.78e-19,330.0,-1.21e-06,0.0,330.0,329.0,2.78e-19,0.0,-1.58,0.476,119.0,-1.49e-06,-1.22,-273.0,12.5,-1.35e-06,0.188,0.025,1,0.025,6.25,2.77e-19,158.0,0.0,0,16,558
-273.0,2.78e-19,330.0,0.0,0.0,330.0,329.0,2.78e-19,0.0,-1.42,0.476,119.0,-1.69e-06,-1.37,-273.0,0.0,0.0,1.31,0.0,1,0.0,0.0,2.77e-19,158.0,0.002,0,16,559
-273.0,2.78e-19,330.0,0.0,0.0,330.0,329.0,2.78e-19,0.0,0.179,0.706,119.0,-1.76e-06,-1.22,-273.0,0.0,0.0,0.0,0.0,1,0.0,6.25,2.77e-19,158.0,0.0,0,16,560
-273.0,2.78e-19,330.0,2.04e-06,0.0,330.0,329.0,2.78e-19,0.0,-1.9,0.423,119.0,-1.5e-06,-0.898,-273.0,6.25,-3.01e-06,0.0,0.0,1,-0.025,-12.5,2.77e-19,158.0,0.0,0,16,561
-821.0,0.0355,321.0,0.0,1.55,327.0,325.0,0.122,33.9,0.54,23.8,29.7,0.00505,6.28,-821.0,-68.7,0.207,-23.4,20.1,1,0.075,50.0,1.08,80.5,53.2,0,16,562
-816.0,0.0432,320.0,1.29e-05,2.26,327.0,324.0,0.138,33.9,0.483,16.7,29.7,0.00573,6.91,-815.0,106.0,0.185,8.69,20.1,1,0.1,62.5,0.959,82.5,53.4,0,16,563
-810.0,0.0324,321.0,2.08e-05,0.767,327.0,325.0,0.128,32.5,1.32,16.6,29.7,0.00522,8.14,-810.0,-62.5,0.132,41.1,20.0,1,0.175,87.5,0.695,84.5,53.5,0,16,564
-805.0,0.0419,322.0,6.21e-05,6.01,327.0,324.0,0.325,34.3,-1.74,22.0,29.7,0.013,18.3,-805.0,831.0,0.207,-30.6,17.5,1,-0.5,-37.5,1.08,85.7,53.2,0,16,565
-800.0,0.115,321.0,0.00252,20.4,326.0,324.0,0.11,27.0,-6.41,19.6,29.7,0.00385,5.9,-799.0,-62.5,0.164,33.4,17.1,1,-10.5,-113.0,0.853,87.6,53.4,0,16,566
-793.0,0.135,318.0,0.00518,29.6,325.0,325.0,0.0796,15.9,-8.35,19.8,29.7,0.0012,5.44,-793.0,-93.7,0.186,23.9,7.72,1,-18.3,0.0,0.97,89.2,53.4,0,16,567
-788.0,0.173,317.0,0.00123,14.1,327.0,325.0,0.0999,5.96,-11.5,24.9,29.7,7.91e-05,4.82,-787.0,25.0,0.184,10.6,0.025,1,-1.88,-138.0,0.976,89.5,53.3,0,16,568
-783.0,0.143,322.0,0.00606,33.3,326.0,325.0,0.0745,7.22,-7.04,18.8,29.7,-5.82e-05,4.29,-782.0,-31.3,0.168,35.7,-0.05,1,-20.0,31.3,0.871,89.5,53.4,0,16,569
-777.0,0.119,322.0,0.00504,30.9,326.0,325.0,0.0742,7.17,-6.35,21.2,29.7,-3.54e-05,4.85,-777.0,-43.8,0.165,-65.7,-0.1,1,-20.1,12.5,0.86,89.5,53.3,0,16,570
-772.0,0.165,320.0,0.00706,33.3,325.0,325.0,0.0875,3.26,-8.19,19.0,29.7,8.4e-05,4.85,-772.0,62.5,0.189,63.7,0.1,1,-19.8,56.3,0.991,89.5,53.4,0,16,571
-927.0,0.0223,330.0,0.0,1.2,330.0,328.0,0.0168,1.5,0.499,0.223,119.0,-5.06e-08,-0.421,-927.0,18.8,1.69e-06,0.75,0.025,1,0.0,0.0,2.7e-19,158.0,0.002,0,16,572
-927.0,0.0231,330.0,0.0,2.62,330.0,329.0,0.0164,1.01,-1.9,0.0632,119.0,-1.26e-07,-0.102,-927.0,31.3,1.48e-06,0.5,0.05,1,-0.025,-12.5,2.7e-19,158.0,0.001,0,16,573
-927.0,0.0204,330.0,1.55e-06,2.09,330.0,328.0,0.0157,3.48,-2.06,0.354,119.0,-3.54e-07,-0.411,-927.0,-12.5,0.0,0.25,-0.025,1,0.0,0.0,2.7e-19,158.0,0.001,0,16,574
-927.0,0.0211,330.0,-1.59e-06,1.85,330.0,329.0,0.0235,1.87,-0.78,0.645,119.0,1.35e-07,-0.576,-927.0,12.5,-2.07e-06,-0.25,0.025,1,-0.025,-6.25,2.7e-19,158.0,-0.001,0,16,575
-927.0,0.0195,330.0,-1.14e-06,1.47,330.0,328.0,0.0149,2.29,-0.3,0.565,119.0,2.71e-07,-0.732,-927.0,37.5,0.0,1.0,0.05,1,-0.025,-12.5,2.7e-19,158.0,0.002,0,16,576
-927.0,0.021,330.0,1.7e-06,0.645,329.0,328.0,0.0169,1.65,-0.779,0.143,119.0,0.0,0.857,-927.0,-25.0,-2.32e-06,0.25,-0.05,1,-0.025,-18.8,2.7e-19,158.0,0.0,0,16,577
-927.0,0.0208,330.0,-2.47e-06,1.43,330.0,329.0,0.0175,0.706,-1.26,0.274,119.0,3.51e-07,0.373,-927.0,37.5,4.05e-06,0.0,0.05,1,0.0,-6.25,2.7e-19,158.0,0.0,0,16,578
-927.0,0.0209,330.0,0.0,1.02,330.0,329.0,0.0154,1.6,-0.46,0.434,119.0,0.0,-0.266,-927.0,12.5,-1.85e-06,-0.25,0.025,1,0.0,0.0,2.7e-19,158.0,-0.001,0,16,579
-927.0,0.0303,330.0,-7.59e-06,0.522,330.0,328.0,0.0149,3.58,0.18,0.486,119.0,-2.56e-07,-0.402,-927.0,-12.5,-2.03e-06,0.25,0.0,1,0.0,0.0,2.7e-19,158.0,0.0,0,16,580
-927.0,0.0311,329.0,1.74e-06,2.28,330.0,328.0,0.0169,0.824,-2.06,-0.0398,119.0,4.87e-07,1.01,-927.0,-6.25,0.0,0.25,0.0,1,0.05,12.5,2.7e-19,158.0,0.0,0,16,581
-927.0,0.133,329.0,0.00504,29.5,328.0,326.0,0.187,51.9,-7.21,0.486,117.0,0.013,-8.67,-927.0,81.2,0.0,0.5,-32.4,1,-17.8,43.8,2.7e-19,156.0,0.0,0,16,582
-927.0,0.116,329.0,0.00426,31.5,328.0,326.0,0.152,48.0,-4.92,0.566,113.0,0.0105,-7.91,-927.0,-62.5,2.34e-06,-0.75,-32.6,1,-17.9,-12.5,2.7e-19,153.0,-0.001,0,16,583
-927.0,0.094,329.0,0.00342,30.2,328.0,327.0,0.145,50.7,-5.29,0.434,110.0,0.0095,-9.2,-927.0,93.7,-2.24e-06,-1.69,-32.3,1,-18.0,-50.0,2.7e-19,149.0,-0.0035,0,16,584
-927.0,0.111,329.0,0.00469,29.4,328.0,326.0,0.191,51.2,-5.95,1.43,106.0,0.013,-6.9,-927.0,68.7,0.0,0.25,-32.3,1,-17.8,43.8,2.7e-19,146.0,0.0,0,16,585
-927.0,0.11,329.0,0.00423,31.1,328.0,326.0,0.182,47.7,-4.35,0.303,103.0,0.0108,-9.87,-927.0,-56.3,2.73e-06,0.25,-32.4,1,-18.0,31.3,2.7e-19,143.0,0.001,0,16,586
-927.0,0.132,329.0,0.00506,29.2,328.0,326.0,0.181,49.2,-6.27,0.406,99.9,0.0125,-10.1,-927.0,43.8,0.0,0.0,-32.3,1,-18.0,-18.8,2.7e-19,140.0,0.0,0,16,587
-927.0,0.111,329.0,0.00419,29.3,328.0,327.0,0.179,48.7,-7.65,0.566,96.2,0.0121,-8.7,-927.0,93.7,0.0,-0.25,-32.2,1,-18.0,12.5,2.7e-19,136.0,-0.001,0,16,588
-927.0,0.135,329.0,0.00511,31.3,328.0,326.0,0.14,48.0,-7.61,0.566,93.2,0.00939,-7.7,-927.0,-56.3,-1.69e-06,0.0,-32.7,1,-17.9,-18.8,2.7e-19,133.0,-0.001,0,16,589
-927.0,0.129,329.0,0.00473,28.6,328.0,327.0,0.199,49.0,-8.78,0.354,89.8,0.0136,-9.48,-927.0,125.0,-2.03e-06,-0.438,-32.0,1,-17.8,-6.25,2.7e-19,130.0,-0.00175,0,16,590
-927.0,0.132,329.0,0.00498,29.5,328.0,326.0,0.189,46.1,-7.47,0.143,86.4,0.013,-12.4,-927.0,-81.2,0.0,0.5,-32.4,1,-17.8,6.25,2.7e-19,127.0,0.0,0,16,591
-273.0,2.78e-19,330.0,3.87e-06,0.0,330.0,329.0,2.78e-19,0.0,-1.58,1.22,119.0,2.03e-06,-0.417,-273.0,0.0,0.0,-0.812,0.0,1,0.0,0.0,2.77e-19,158.0,-0.00025,0,16,592
-273.0,2.78e-19,330.0,4.04e-06,0.0,330.0,329.0,2.78e-19,0.0,-0.459,0.193,119.0,2.04e-06,-1.37,-273.0,0.0,2.21e-06,0.5,0.0,1,0.0,0.0,2.77e-19,158.0,0.001,0,16,593
-273.0,2.78e-19,330.0,0.0,0.0,330.0,329.0,2.78e-19,0.0,-1.1,1.78,119.0,-4.95e-06,-0.736,-273.0,0.0,0.0,1.0,0.0,1,0.0,0.0,2.77e-19,158.0,0.002,0,16,594
-273.0,2.78e-19,330.0,0.0,0.0,330.0,329.0,2.78e-19,0.0,0.659,0.759,119.0,-2.42e-06,-1.06,-273.0,0.0,-2.69e-06,0.25,0.0,1,0.0,0.0,2.77e-19,158.0,0.0,0,16,595
-273.0,2.78e-19,330.0,0.0,0.0,330.0,329.0,2.78e-19,0.0,-2.22,0.706,119.0,1.79e-06,-0.424,-273.0,0.0,0.0,0.0,0.0,1,-0.025,-6.25,2.77e-19,158.0,0.0,0,16,596
-273.0,2.78e-19,330.0,0.0,0.0,330.0,329.0,2.78e-19,0.0,-0.46,0.476,119.0,-2.42e-06,-0.733,-273.0,0.0,0.0,0.0,0.0,1,0.0,0.0,2.77e-19,158.0,0.0,0,16,597
-273.0,2.78e-19,330.0,-1.82e-06,0.0,330.0,329.0,2.78e-19,0.0,-1.58,0.423,119.0,0.0,-0.097,-273.0,0.0,-8.07e-06,-0.5,0.0,1,0.0,0.0,2.77e-19,158.0,-0.002,0,16,598
-273.0,2.78e-19,330.0,0.0,0.0,330.0,328.0,2.78e-19,0.0,0.659,0.706,119.0,2.55e-06,-2.49,-273.0,0.0,-3.56e-06,0.25,0.0,1,0.0,0.0,2.77e-19,158.0,0.0,0,16,599
-273.0,2.78e-19,330.0,4.99e-06,0.0,330.0,328.0,2.78e-19,0.0,-0.461,1.27,119.0,0.0,-0.255,-273.0,0.0,3.91e-06,0.188,0.0,1,0.0,6.25,2.77e-19,158.0,0.0,0,16,600
-273.0,2.78e-19,330.0,0.0,0.0,330.0,329.0,2.78e-19,0.0,0.979,0.936,119.0,-2.06e-06,-0.42,-273.0,0.0,-5.16e-06,-0.5,0.0,1,0.0,0.0,2.77e-19,158.0,-0.002,0,16,601
